13390,2016-11-03 07:46:41.320000,2016-11-03 07:49:33.640000
13391,2016-11-03 07:59:18.923000,2016-11-03 08:44:54.087000
13392,2016-11-03 08:49:53.063000,2016-11-03 09:09:29.107000
13393,2016-11-03 09:14:58.110000,2016-11-03 09:17:11.270000
13394,2016-11-03 09:19:26.163000,2016-11-03 09:22:31.193000
13395,2016-11-03 09:31:40.180000,2016-11-03 09:35:24.267000
13396,2016-11-03 09:35:39.173000,2016-11-03 09:40:45.180000
13397,2016-11-03 09:42:20.187000,2016-11-03 09:45:17.197000
13398,2016-11-03 09:48:15.203000,2016-11-03 09:51:17.243000
13399,2016-11-03 09:53:20.367000,2016-11-03 09:55:59.230000
13400,2016-11-03 10:16:20.077000,2016-11-03 10:22:43.110000
13401,2016-11-03 10:29:37.247000,2016-11-03 10:33:20.147000
13402,2016-11-03 10:36:49.137000,2016-11-03 10:39:51.280000
13403,2016-11-03 10:40:58.193000,2016-11-03 10:43:28.160000
13404,2016-11-03 10:46:51.150000,2016-11-03 10:52:07.180000
13405,2016-11-03 11:02:42.290000,2016-11-03 11:04:42.273000
13406,2016-11-03 11:08:48.317000,2016-11-03 12:26:47.423000
13407,2016-11-03 12:28:47.420000,2016-11-03 13:06:28.490000
13408,2016-11-03 13:06:28.490000,2016-11-03 13:29:29.550000
13409,2016-11-03 17:04:18.337000,2016-11-03 17:06:40.350000
13410,2016-11-03 17:09:00.350000,2016-11-03 17:12:52.530000
13411,2016-11-03 17:14:33.327000,2016-11-03 17:17:55.330000
13412,2016-11-03 17:18:12.373000,2016-11-03 17:20:23.340000
13413,2016-11-03 17:20:38.333000,2016-11-03 17:24:22.410000
13414,2016-11-03 17:25:15.340000,2016-11-03 17:30:02.397000
13415,2016-11-03 17:33:22.363000,2016-11-03 17:39:46.380000
13416,2016-11-03 17:41:31.383000,2016-11-03 17:43:52.510000
13417,2016-11-03 17:48:59.410000,2016-11-03 17:52:02.457000
13418,2016-11-03 17:53:21.520000,2016-11-03 17:56:00.433000
13419,2016-11-03 18:05:24.443000,2016-11-03 18:08:43.520000
13420,2016-11-03 18:13:21.467000,2016-11-03 18:15:40.470000
13421,2016-11-03 18:26:19.513000,2016-11-03 18:29:05.520000
13422,2016-11-03 18:31:30.607000,2016-11-03 18:34:06.517000
13423,2016-11-03 18:38:59.577000,2016-11-03 18:41:19.593000
13424,2016-11-03 18:42:46.777000,2016-11-03 18:45:39.550000
13425,2016-11-03 18:49:29.567000,2016-11-03 18:51:35.703000
13426,2016-11-03 18:57:18.590000,2016-11-03 18:59:30.590000
13427,2016-11-03 19:00:53.840000,2016-11-03 19:04:02.680000
13428,2016-11-03 19:05:09.630000,2016-11-03 19:12:42.693000
13429,2016-11-03 19:15:30.623000,2016-11-03 19:17:46.637000
13430,2016-11-03 19:18:12.637000,2016-11-03 19:22:37.700000
13431,2016-11-03 19:23:34.717000,2016-11-03 19:26:00.787000
13432,2016-11-03 19:28:31.660000,2016-11-03 19:30:44.710000
13433,2016-11-03 19:32:48.670000,2016-11-03 19:36:02.683000
13434,2016-11-03 19:38:30.703000,2016-11-03 19:41:01.720000
13435,2016-11-03 19:43:34.783000,2016-11-03 19:45:40.800000
13436,2016-11-03 19:46:51.747000,2016-11-03 19:49:52.720000
13437,2016-11-03 19:58:38.830000,2016-11-03 20:02:28.813000
13438,2016-11-03 20:08:02.760000,2016-11-03 20:10:19.780000
13439,2016-11-03 20:13:45.817000,2016-11-03 20:16:22.853000
13440,2016-11-03 20:25:28.820000,2016-11-03 20:27:47.810000
13441,2016-11-03 20:28:59.900000,2016-11-03 20:37:09.900000
13442,2016-11-03 20:37:36.830000,2016-11-03 20:42:27.853000
13443,2016-11-03 20:42:50.850000,2016-11-03 20:55:47.893000
13444,2016-11-03 20:56:40.883000,2016-11-03 20:59:19.993000
13445,2016-11-03 21:05:47.913000,2016-11-03 21:08:17.913000
13446,2016-11-03 21:14:26.930000,2016-11-03 21:16:56.943000
13447,2016-11-03 21:18:10.043000,2016-11-03 21:21:37.950000
13448,2016-11-03 21:22:38.950000,2016-11-03 21:25:32.960000
13449,2016-11-03 21:33:24.977000,2016-11-03 21:36:11
13450,2016-11-03 21:41:42,2016-11-03 21:45:47.083000
13451,2016-11-03 21:49:11.020000,2016-11-03 21:53:22.220000
13452,2016-11-03 21:54:07.033000,2016-11-03 21:57:07.177000
13453,2016-11-03 21:58:14.167000,2016-11-03 22:02:23.160000
13454,2016-11-03 22:07:41.067000,2016-11-03 22:11:00.210000
13455,2016-11-03 22:52:19.183000,2016-11-03 22:54:23.200000
13456,2016-11-03 22:57:54.197000,2016-11-03 23:04:49.227000
13457,2016-11-03 23:19:32.310000,2016-11-03 23:21:34.260000
13458,2016-11-03 23:28:10.283000,2016-11-03 23:30:49.293000
13459,2016-11-03 23:35:02.310000,2016-11-03 23:37:02.397000
13460,2016-11-03 23:48:49.333000,2016-11-03 23:50:59.327000
13461,2016-11-04 00:20:40.310000,2016-11-04 00:24:55.630000
13462,2016-11-04 00:56:17.513000,2016-11-04 01:01:07.507000
13463,2016-11-04 01:04:07.547000,2016-11-04 01:06:37.537000
13464,2016-11-04 01:13:02.540000,2016-11-04 01:15:49.550000
13465,2016-11-04 01:18:46.570000,2016-11-04 01:28:57.590000
13466,2016-11-04 01:30:25.590000,2016-11-04 01:34:03.733000
13467,2016-11-04 01:35:05.733000,2016-11-04 01:38:28.617000
13468,2016-11-04 01:39:51.627000,2016-11-04 01:49:04.683000
13469,2016-11-04 01:59:55.953000,2016-11-04 02:03:23.753000
13470,2016-11-04 02:22:03.800000,2016-11-04 02:24:30.653000
13471,2016-11-04 02:37:54.660000,2016-11-04 02:41:16.737000
13472,2016-11-04 02:45:43.680000,2016-11-04 02:48:28.740000
13473,2016-11-04 02:51:36.743000,2016-11-04 02:54:19.740000
13474,2016-11-04 02:55:16.763000,2016-11-04 02:58:21.707000
13475,2016-11-04 02:59:13.703000,2016-11-04 03:02:28.760000
13476,2016-11-04 03:09:02.727000,2016-11-04 03:13:26.737000
13477,2016-11-04 03:16:23.760000,2016-11-04 03:18:33.927000
13478,2016-11-04 03:28:45.783000,2016-11-04 03:31:28.830000
13479,2016-11-04 03:32:43.800000,2016-11-04 03:35:20.820000
13480,2016-11-04 03:45:35.887000,2016-11-04 03:48:08.830000
13481,2016-11-04 03:55:00.850000,2016-11-04 04:10:01.883000
13482,2016-11-04 04:10:28.900000,2016-11-04 04:12:29.890000
13483,2016-11-04 04:13:10.950000,2016-11-04 04:18:09.970000
13484,2016-11-04 07:58:59.537000,2016-11-04 08:32:47.570000
13485,2016-11-04 09:46:34.847000,2016-11-04 09:50:00.783000
13486,2016-11-04 10:10:32.957000,2016-11-04 10:12:36.923000
13487,2016-11-04 11:17:51.063000,2016-11-04 11:20:20
13488,2016-11-04 11:48:29.937000,2016-11-04 11:50:32.953000
13489,2016-11-04 11:53:55.883000,2016-11-04 11:56:47.940000
13490,2016-11-04 12:00:11.883000,2016-11-04 12:04:38.970000
13491,2016-11-04 12:06:34.930000,2016-11-04 12:14:20.860000
13492,2016-11-04 12:17:25.853000,2016-11-04 12:25:24.777000
13493,2016-11-04 12:29:43.753000,2016-11-04 12:34:49.773000
13494,2016-11-04 12:42:43.710000,2016-11-04 12:45:33.703000
13495,2016-11-04 12:48:55.690000,2016-11-04 12:50:56.683000
13496,2016-11-04 12:52:36.777000,2016-11-04 12:55:04.673000
13497,2016-11-04 12:58:19.650000,2016-11-04 13:00:42.653000
13498,2016-11-04 13:02:32.747000,2016-11-04 13:04:47.640000
13499,2016-11-04 13:05:44.637000,2016-11-04 13:08:32.723000
13500,2016-11-04 13:09:51.620000,2016-11-04 13:12:28.610000
13501,2016-11-04 13:17:01.660000,2016-11-04 13:19:53.710000
13502,2016-11-04 13:21:06.580000,2016-11-04 13:23:18.573000
13503,2016-11-04 13:24:11.660000,2016-11-04 13:26:35.603000
13504,2016-11-04 13:27:44.563000,2016-11-04 13:29:46.570000
13505,2016-11-04 13:30:34.543000,2016-11-04 13:32:50.553000
13506,2016-11-04 13:33:52.640000,2016-11-04 13:36:25.527000
13507,2016-11-04 13:37:27.593000,2016-11-04 13:39:52.583000
13508,2016-11-04 13:43:34.507000,2016-11-04 13:45:57.490000
13509,2016-11-04 13:47:05.490000,2016-11-04 13:49:39.527000
13510,2016-11-04 13:52:47.467000,2016-11-04 13:55:18.473000
13511,2016-11-04 13:56:11.477000,2016-11-04 13:58:31.567000
13512,2016-11-04 14:04:21.460000,2016-11-04 14:06:37.563000
13513,2016-11-04 14:07:47.500000,2016-11-04 14:10:12.520000
13514,2016-11-04 14:11:47.410000,2016-11-04 14:14:16.397000
13515,2016-11-04 14:15:15.407000,2016-11-04 14:17:22.397000
13516,2016-11-04 14:18:13.400000,2016-11-04 14:21:12.370000
13517,2016-11-04 14:22:27.367000,2016-11-04 14:24:53.497000
13518,2016-11-04 14:25:56.377000,2016-11-04 14:29:01.363000
13519,2016-11-04 14:30:25.410000,2016-11-04 14:33:03.333000
13520,2016-11-04 14:34:05.400000,2016-11-04 14:37:09.317000
13521,2016-11-04 14:38:15.547000,2016-11-04 14:44:06.317000
13522,2016-11-04 14:48:05.277000,2016-11-04 14:51:09.287000
13523,2016-11-04 14:52:53.373000,2016-11-04 14:55:03.293000
13524,2016-11-04 14:56:04.253000,2016-11-04 15:01:20.233000
13525,2016-11-04 15:02:08.273000,2016-11-04 15:04:18.220000
13526,2016-11-04 15:05:44.290000,2016-11-04 15:09:25.327000
13527,2016-11-04 15:09:54.297000,2016-11-04 15:12:29.203000
13528,2016-11-04 15:32:17.143000,2016-11-04 15:34:59.190000
13529,2016-11-04 15:38:01.113000,2016-11-04 15:40:32.103000
13530,2016-11-04 15:52:49.250000,2016-11-04 15:55:03.097000
13531,2016-11-04 16:18:43.450000,2016-11-04 16:21:39.967000
13532,2016-11-04 16:21:59.960000,2016-11-04 16:25:00.943000
13533,2016-11-04 16:25:15.950000,2016-11-04 16:27:17.033000
13534,2016-11-04 16:28:23.073000,2016-11-04 16:31:26.960000
13535,2016-11-04 16:33:13.927000,2016-11-04 16:35:44.910000
13536,2016-11-04 16:37:30.907000,2016-11-04 16:41:13.900000
13537,2016-11-04 16:43:03.980000,2016-11-04 16:46:53.910000
13538,2016-11-04 16:48:38.867000,2016-11-04 16:51:13.860000
13539,2016-11-04 16:56:41.830000,2016-11-04 16:59:36.880000
13540,2016-11-04 17:04:13.890000,2016-11-04 17:06:37.883000
13541,2016-11-04 17:22:55.777000,2016-11-04 17:25:28.747000
13542,2016-11-04 17:26:55.740000,2016-11-04 17:33:55.820000
13543,2016-11-04 17:43:43.700000,2016-11-04 17:46:52.720000
13544,2016-11-04 17:49:10.693000,2016-11-04 17:51:43.723000
13545,2016-11-04 17:56:05.623000,2016-11-04 17:58:39.620000
13546,2016-11-04 18:01:26.673000,2016-11-04 18:09:12.603000
13547,2016-11-04 18:10:10.657000,2016-11-04 18:12:11.683000
13548,2016-11-04 18:13:25.580000,2016-11-04 18:16:43.570000
13549,2016-11-04 18:24:22.540000,2016-11-04 18:27:01.533000
13550,2016-11-04 18:31:25.520000,2016-11-04 18:34:07.513000
13551,2016-11-04 18:36:47.650000,2016-11-04 18:39:22.493000
13552,2016-11-04 18:40:27.527000,2016-11-04 18:43:48.470000
13553,2016-11-04 18:53:23.450000,2016-11-04 18:55:54.447000
13554,2016-11-04 18:58:15.423000,2016-11-04 19:29:26.290000
13555,2016-11-04 19:33:58.687000,2016-11-04 21:13:22.417000
13556,2016-11-04 21:13:22.417000,2016-11-04 21:38:48.390000
13557,2016-11-04 21:38:48.390000,2016-11-04 21:39:07.523000
13558,2016-11-04 22:35:41.627000,2016-11-04 22:37:51.730000
13559,2016-11-04 22:38:46.723000,2016-11-04 23:06:00.930000
13560,2016-11-04 23:07:30.737000,2016-11-04 23:13:05.753000
13561,2016-11-04 23:19:27.860000,2016-11-04 23:21:37.873000
13562,2016-11-04 23:26:34.787000,2016-11-04 23:30:18.823000
13563,2016-11-04 23:33:13.823000,2016-11-04 23:36:43.813000
13564,2016-11-04 23:41:07.817000,2016-11-04 23:43:14.843000
13565,2016-11-04 23:46:15.840000,2016-11-04 23:49:13.850000
13566,2016-11-05 00:25:38.937000,2016-11-05 00:29:53.040000
13567,2016-11-05 00:32:53.947000,2016-11-05 00:38:03.970000
13568,2016-11-05 00:42:40.970000,2016-11-05 00:46:20.993000
13569,2016-11-05 00:46:54,2016-11-05 00:49:09.997000
13570,2016-11-05 00:52:25.077000,2016-11-05 00:55:44.010000
13571,2016-11-05 00:56:48.020000,2016-11-05 01:03:05.030000
13572,2016-11-05 01:11:01.087000,2016-11-05 01:20:43.120000
13573,2016-11-05 01:41:00.137000,2016-11-05 01:43:13.130000
13574,2016-11-05 01:54:12.240000,2016-11-05 01:57:34.240000
13575,2016-11-05 02:06:53.187000,2016-11-05 02:09:19.200000
13576,2016-11-05 02:11:02.200000,2016-11-05 02:14:35.250000
13577,2016-11-05 02:17:41.263000,2016-11-05 02:21:58.233000
13578,2016-11-05 02:27:39.270000,2016-11-05 02:31:20.320000
13579,2016-11-05 02:55:36.403000,2016-11-05 02:57:45.437000
13580,2016-11-05 03:55:33.640000,2016-11-05 03:58:16.483000
13581,2016-11-05 04:03:33.617000,2016-11-05 04:06:42.507000
13582,2016-11-05 05:01:41.707000,2016-11-05 05:10:01.793000
13583,2016-11-05 05:48:49.693000,2016-11-05 05:56:28.710000
13584,2016-11-05 06:48:30.847000,2016-11-05 06:54:52.040000
13585,2016-11-05 07:08:19.900000,2016-11-05 07:12:37.903000
13586,2016-11-05 09:23:41.250000,2016-11-05 09:35:28.367000
13587,2016-11-05 09:35:52.267000,2016-11-05 09:58:58.330000
13588,2016-11-05 10:08:52.360000,2016-11-05 10:38:52.423000
13589,2016-11-05 10:41:02.440000,2016-11-05 10:43:49.513000
13590,2016-11-05 10:48:14.590000,2016-11-05 10:53:21.537000
13591,2016-11-05 11:00:03.473000,2016-11-05 11:03:13.510000
13592,2016-11-05 11:03:22.510000,2016-11-05 11:07:21.500000
13593,2016-11-05 11:08:17.533000,2016-11-05 11:12:03.520000
13594,2016-11-05 11:16:15.527000,2016-11-05 11:32:39.587000
13595,2016-11-05 11:47:17.640000,2016-11-05 11:53:17.680000
13596,2016-11-05 11:53:30.623000,2016-11-05 11:56:29.690000
13597,2016-11-05 11:58:59.627000,2016-11-05 12:26:35.723000
13598,2016-11-05 12:26:54.863000,2016-11-05 12:40:41.740000
13599,2016-11-05 12:51:00.827000,2016-11-05 12:53:45.823000
13600,2016-11-05 12:54:33.780000,2016-11-05 12:57:34.833000
13601,2016-11-05 13:11:46.930000,2016-11-05 13:16:50.840000
13602,2016-11-05 13:18:59.950000,2016-11-05 13:21:20.870000
13603,2016-11-05 13:26:20.863000,2016-11-05 13:30:44.870000
13604,2016-11-05 13:42:13.907000,2016-11-05 13:47:50.920000
13605,2016-11-05 13:48:28.040000,2016-11-05 13:53:32.980000
13606,2016-11-05 13:53:43.983000,2016-11-05 13:55:51.960000
13607,2016-11-05 13:56:24.980000,2016-11-05 13:59:19.970000
13608,2016-11-05 14:00:11.980000,2016-11-05 14:07:15.013000
13609,2016-11-05 14:07:32.600000,2016-11-05 14:16:37.983000
13610,2016-11-05 14:17:28.880000,2016-11-05 14:19:49.693000
13611,2016-11-05 14:23:55.310000,2016-11-05 14:26:15.197000
13612,2016-11-05 14:28:08.127000,2016-11-05 14:31:52.177000
13613,2016-11-05 14:32:59.053000,2016-11-05 14:35:10.160000
13614,2016-11-05 14:38:55.050000,2016-11-05 14:41:52.040000
13615,2016-11-05 14:44:20.020000,2016-11-05 14:47:31.200000
13616,2016-11-05 14:49:50.007000,2016-11-05 15:00:21.967000
13617,2016-11-05 15:04:04.957000,2016-11-05 15:06:09.950000
13618,2016-11-05 15:07:22.940000,2016-11-05 15:17:44.933000
13619,2016-11-05 15:19:10.953000,2016-11-05 15:21:12.897000
13620,2016-11-05 15:31:47.863000,2016-11-05 15:34:06.870000
13621,2016-11-05 15:56:14.840000,2016-11-05 15:59:37.923000
13622,2016-11-05 16:38:06.623000,2016-11-05 16:41:48.643000
13623,2016-11-05 17:10:30.560000,2016-11-05 17:12:57.513000
13624,2016-11-05 17:13:27.513000,2016-11-05 17:17:18.507000
13625,2016-11-05 17:25:13.470000,2016-11-05 17:28:24.470000
13626,2016-11-05 17:50:54.430000,2016-11-05 17:52:57.463000
13627,2016-11-05 17:56:02.367000,2016-11-05 17:59:54.417000
13628,2016-11-05 18:08:25.323000,2016-11-05 18:17:07.333000
13629,2016-11-05 18:17:25.290000,2016-11-05 18:23:37.270000
13630,2016-11-05 18:24:29.263000,2016-11-05 18:26:59.260000
13631,2016-11-05 18:28:57.263000,2016-11-05 18:32:16.237000
13632,2016-11-05 18:38:15.223000,2016-11-05 18:40:39.223000
13633,2016-11-05 18:41:46.207000,2016-11-05 18:49:23.183000
13634,2016-11-05 18:56:40.163000,2016-11-05 19:04:44.130000
13635,2016-11-05 19:06:43.220000,2016-11-05 19:09:47.143000
13636,2016-11-05 19:12:39.113000,2016-11-05 19:47:11
13637,2016-11-05 19:54:53.023000,2016-11-05 20:02:06.030000
13638,2016-11-05 20:05:54.920000,2016-11-05 20:08:56.887000
13639,2016-11-06 09:08:15.710000,2016-11-06 09:10:21.910000
13640,2016-11-06 09:13:42.797000,2016-11-06 09:41:24.820000
13641,2016-11-06 09:53:00.847000,2016-11-06 09:55:24.860000
13642,2016-11-06 10:24:10.943000,2016-11-06 10:28:00.943000
13643,2016-11-06 10:28:51.957000,2016-11-06 10:33:52.067000
13644,2016-11-06 10:44:35.047000,2016-11-06 10:53:19.030000
13645,2016-11-06 10:57:20.020000,2016-11-06 11:00:35.017000
13646,2016-11-06 11:13:47.050000,2016-11-06 11:18:26.123000
13647,2016-11-06 11:18:48.070000,2016-11-06 11:22:55.087000
13648,2016-11-06 11:23:27.107000,2016-11-06 11:27:53.220000
13649,2016-11-06 11:31:17.123000,2016-11-06 11:33:51.107000
13650,2016-11-06 11:51:43.187000,2016-11-06 12:00:30.223000
13651,2016-11-06 12:40:40.287000,2016-11-06 13:02:09.540000
13652,2016-11-06 13:17:43.410000,2016-11-06 13:40:13.440000
13653,2016-11-06 14:49:42.620000,2016-11-06 14:51:49.627000
13654,2016-11-06 14:56:49.630000,2016-11-06 15:34:12.740000
13655,2016-11-06 15:50:00.767000,2016-11-06 16:01:21.830000
13656,2016-11-06 16:07:08.803000,2016-11-06 16:10:39.927000
13657,2016-11-06 17:06:40.023000,2016-11-06 17:09:00.980000
13658,2016-11-06 17:10:48,2016-11-06 17:14:57.027000
13659,2016-11-06 17:28:39.020000,2016-11-06 17:31:25.037000
13660,2016-11-06 17:40:57.367000,2016-11-06 17:48:43.150000
13661,2016-11-06 17:53:11.100000,2016-11-06 18:05:20.107000
13662,2016-11-06 18:53:27.897000,2016-11-06 18:56:14.967000
13663,2016-11-06 19:46:10.773000,2016-11-06 19:53:10.807000
13664,2016-11-06 19:58:23.693000,2016-11-06 20:01:17.673000
13665,2016-11-06 20:51:33.497000,2016-11-06 20:52:20.470000
13666,2016-11-06 20:57:49.443000,2016-11-06 21:20:23.287000
13667,2016-11-06 21:20:23.287000,2016-11-07 07:52:01.843000
13668,2016-11-07 07:52:12.503000,2016-11-07 07:54:24.830000
13669,2016-11-07 08:01:54.090000,2016-11-07 08:22:01.160000
13670,2016-11-07 09:16:24.167000,2016-11-07 09:19:43.827000
13671,2016-11-07 09:52:18.240000,2016-11-07 09:58:10.200000
13672,2016-11-07 09:58:44.213000,2016-11-07 12:07:43.597000
13673,2016-11-07 12:07:43.597000,2016-11-07 14:06:35.510000
13674,2016-11-07 14:08:28.563000,2016-11-07 14:34:49.363000
13675,2016-11-07 14:34:56.410000,2016-11-07 14:57:12.417000
13676,2016-11-07 15:04:22.437000,2016-11-07 15:11:41.490000
13677,2016-11-07 15:14:34.570000,2016-11-07 15:17:07.443000
13678,2016-11-07 15:19:31.440000,2016-11-07 15:23:28.423000
13679,2016-11-07 15:23:39.417000,2016-11-07 15:26:27.430000
13680,2016-11-07 15:28:47.410000,2016-11-07 15:31:20.410000
13681,2016-11-07 15:31:23.420000,2016-11-07 15:34:14.477000
13682,2016-11-07 15:39:21.440000,2016-11-07 15:41:23.440000
13683,2016-11-07 15:43:26.493000,2016-11-07 15:46:49.610000
13684,2016-11-07 15:48:07.453000,2016-11-07 15:52:10.477000
13685,2016-11-07 15:54:20.467000,2016-11-07 15:56:59.487000
13686,2016-11-07 15:57:02.483000,2016-11-07 15:59:46.583000
13687,2016-11-07 16:21:04.837000,2016-11-07 16:31:20.500000
13688,2016-11-07 16:59:26.490000,2016-11-07 17:05:45.510000
13689,2016-11-07 17:09:41.527000,2016-11-07 17:13:04.640000
13690,2016-11-07 17:24:40.570000,2016-11-07 17:26:57.580000
13691,2016-11-07 17:29:03.663000,2016-11-07 17:31:08.700000
13692,2016-11-07 17:34:36.553000,2016-11-07 17:36:46.727000
13693,2016-11-07 17:37:56.537000,2016-11-07 17:40:26.630000
13694,2016-11-07 17:50:27.500000,2016-11-07 17:52:32.513000
13695,2016-11-07 17:56:28.603000,2016-11-07 17:59:01.607000
13696,2016-11-07 17:59:06.520000,2016-11-07 18:01:26.590000
13697,2016-11-07 18:10:04.547000,2016-11-07 18:12:42.553000
13698,2016-11-07 18:13:34.563000,2016-11-07 18:15:42.600000
13699,2016-11-07 18:20:58.577000,2016-11-07 18:23:32.603000
13700,2016-11-07 18:31:00.613000,2016-11-07 18:33:56.667000
13701,2016-11-07 18:36:28.613000,2016-11-07 18:41:04.600000
13702,2016-11-07 18:46:12.573000,2016-11-07 18:48:13.560000
13703,2016-11-07 19:19:03.580000,2016-11-07 19:21:37.597000
13704,2016-11-07 19:29:19.620000,2016-11-07 19:31:59.607000
13705,2016-11-07 19:40:11.683000,2016-11-07 19:43:27.667000
13706,2016-11-07 19:44:09.643000,2016-11-07 19:48:11.713000
13707,2016-11-07 19:50:43.730000,2016-11-07 19:53:24.637000
13708,2016-11-07 19:57:21.617000,2016-11-07 20:36:00.103000
13709,2016-11-07 20:36:00.103000,2016-11-07 21:16:28.767000
13710,2016-11-07 21:17:01.837000,2016-11-07 21:45:08.827000
13711,2016-11-07 21:47:10.857000,2016-11-07 22:29:37.650000
13712,2016-11-07 22:30:34.650000,2016-11-07 22:46:29.880000
13713,2016-11-07 22:46:51.697000,2016-11-07 22:49:55.727000
13714,2016-11-07 22:50:14.693000,2016-11-08 06:04:37.043000
13715,2016-11-08 06:11:07.173000,2016-11-08 06:13:41.060000
13716,2016-11-08 06:32:35.297000,2016-11-08 06:35:37.090000
13717,2016-11-08 17:06:27.647000,2016-11-08 17:08:54.667000
13718,2016-11-08 17:09:29.707000,2016-11-08 17:11:43.663000
13719,2016-11-08 17:16:37.650000,2016-11-08 17:22:13.627000
13720,2016-11-08 17:23:29.680000,2016-11-08 17:25:33.607000
13721,2016-11-08 17:27:03.613000,2016-11-08 17:33:06.677000
13722,2016-11-08 17:33:09.667000,2016-11-08 17:38:32.570000
13723,2016-11-08 17:41:49.550000,2016-11-08 17:42:11.523000
13724,2016-11-08 19:23:33.517000,2016-11-08 19:26:43.550000
13725,2016-11-08 19:29:13.547000,2016-11-08 19:31:22.690000
13726,2016-11-08 19:36:17.613000,2016-11-08 19:43:24.593000
13727,2016-11-08 19:44:24.587000,2016-11-08 19:49:18.650000
13728,2016-11-08 19:49:21.637000,2016-11-08 19:58:44.717000
13729,2016-11-08 19:59:53.677000,2016-11-08 20:05:38.653000
13730,2016-11-08 20:05:41.650000,2016-11-08 20:08:28.720000
13731,2016-11-08 20:08:47.650000,2016-11-08 20:19:53.683000
13732,2016-11-08 20:20:19.687000,2016-11-08 20:35:03.737000
13733,2016-11-08 20:35:37.717000,2016-11-08 20:50:33.763000
13734,2016-11-08 20:51:12.863000,2016-11-08 21:10:41.897000
13735,2016-11-08 21:11:28.820000,2016-11-08 21:41:07.897000
13736,2016-11-08 21:47:23.910000,2016-11-08 22:06:22.023000
13737,2016-11-08 22:06:59.953000,2016-11-08 22:30:07.020000
13738,2016-11-08 22:30:10.010000,2016-11-08 22:45:26.057000
13739,2016-11-08 22:52:21.073000,2016-11-08 23:00:39.093000
13740,2016-11-08 23:01:08.097000,2016-11-08 23:17:30.670000
13741,2016-11-08 23:17:59.647000,2016-11-08 23:33:21.657000
13742,2016-11-08 23:33:46.583000,2016-11-09 00:02:00.273000
13743,2016-11-09 00:20:09.960000,2016-11-09 00:47:09.007000
13744,2016-11-09 00:48:09.997000,2016-11-09 01:01:55.860000
13745,2016-11-09 01:02:53.873000,2016-11-09 01:21:35.857000
13746,2016-11-09 01:22:06.857000,2016-11-09 01:39:35.900000
13747,2016-11-09 01:40:13.030000,2016-11-09 01:52:03.957000
13748,2016-11-09 01:52:34.040000,2016-11-09 02:08:10.953000
13749,2016-11-09 03:11:27.107000,2016-11-09 03:41:42.193000
13750,2016-11-09 03:41:42.193000,2016-11-09 04:05:09.733000
13751,2016-11-09 04:05:20.780000,2016-11-09 05:01:57.897000
13752,2016-11-09 05:02:20.887000,2016-11-09 06:07:40.047000
13753,2016-11-09 06:09:28.053000,2016-11-09 06:31:35.130000
13754,2016-11-09 06:32:21.147000,2016-11-09 06:46:55.260000
13755,2016-11-09 06:49:35.230000,2016-11-09 06:53:39.193000
13756,2016-11-09 06:56:37.300000,2016-11-09 07:20:31.240000
13757,2016-11-09 07:24:05.270000,2016-11-09 07:49:55.390000
13758,2016-11-09 07:50:07.350000,2016-11-09 07:57:31.340000
13759,2016-11-09 08:22:08.530000,2016-11-09 08:30:13.970000
13760,2016-11-09 08:31:58.967000,2016-11-09 08:41:16.160000
13761,2016-11-09 08:42:22.960000,2016-11-09 08:49:51.260000
13762,2016-11-09 08:49:56.933000,2016-11-09 09:47:50.183000
13763,2016-11-09 09:48:08.113000,2016-11-09 09:51:46.113000
13764,2016-11-09 09:51:49.110000,2016-11-09 10:09:42.177000
13765,2016-11-09 10:25:46.200000,2016-11-09 10:30:11.300000
13766,2016-11-09 10:33:15.217000,2016-11-09 10:45:13.263000
13767,2016-11-09 11:02:45.320000,2016-11-09 11:15:28.373000
13768,2016-11-09 11:46:46.507000,2016-11-09 11:50:25.430000
13769,2016-11-09 11:57:26.620000,2016-11-09 12:02:27.490000
13770,2016-11-09 12:02:29.460000,2016-11-09 12:10:08.493000
13771,2016-11-09 12:13:46.483000,2016-11-09 12:23:27.513000
13772,2016-11-09 12:35:50.620000,2016-11-09 12:37:51.547000
13773,2016-11-09 12:43:34.560000,2016-11-09 12:46:33.477000
13774,2016-11-09 13:29:44.150000,2016-11-09 13:35:12.210000
13775,2016-11-09 13:36:05.157000,2016-11-09 13:39:09.190000
13776,2016-11-09 13:57:42.207000,2016-11-09 14:00:27.213000
13777,2016-11-09 15:00:31.460000,2016-11-09 15:10:02.413000
13778,2016-11-09 16:24:03.643000,2016-11-09 16:37:52.620000
13779,2016-11-09 17:55:15.830000,2016-11-09 18:28:02.903000
13780,2016-11-09 18:35:07.940000,2016-11-09 18:41:06.020000
13781,2016-11-09 18:52:50.963000,2016-11-09 18:56:01.980000
13782,2016-11-09 18:57:47.983000,2016-11-09 19:05:17.250000
13783,2016-11-09 19:16:52.093000,2016-11-09 19:19:54.040000
13784,2016-11-09 21:22:07.353000,2016-11-09 21:26:06.490000
13785,2016-11-09 21:37:09.497000,2016-11-09 21:39:23.510000
13786,2016-11-09 21:45:33.563000,2016-11-09 21:50:21.627000
13787,2016-11-09 22:11:10.480000,2016-11-09 22:13:26.520000
13788,2016-11-09 22:14:45.567000,2016-11-09 22:17:42.463000
13789,2016-11-09 22:21:43.527000,2016-11-09 22:23:52.493000
13790,2016-11-09 22:26:17.510000,2016-11-09 22:28:40.430000
13791,2016-11-09 22:29:01.490000,2016-11-09 22:55:25.330000
13792,2016-11-09 23:00:30.310000,2016-11-09 23:03:29.370000
13793,2016-11-09 23:24:52.230000,2016-11-09 23:27:28.270000
13794,2016-11-09 23:31:47.203000,2016-11-09 23:34:26.207000
13795,2016-11-09 23:43:55.160000,2016-11-09 23:48:46.150000
13796,2016-11-09 23:48:53.220000,2016-11-09 23:53:20.130000
13797,2016-11-10 00:21:53.910000,2016-11-10 00:28:00.020000
13798,2016-11-10 00:33:17.993000,2016-11-10 00:35:46.983000
13799,2016-11-10 00:55:04.930000,2016-11-10 00:57:52.970000
13800,2016-11-10 00:58:05.907000,2016-11-10 01:01:51.893000
13801,2016-11-10 01:04:41.970000,2016-11-10 01:07:22.877000
13802,2016-11-10 01:11:34.863000,2016-11-10 01:14:12.857000
13803,2016-11-10 01:17:17.843000,2016-11-10 01:19:19.910000
13804,2016-11-10 01:33:51.787000,2016-11-10 01:39:14.737000
13805,2016-11-10 01:39:17.743000,2016-11-10 01:57:44.703000
13806,2016-11-10 01:57:44.703000,2016-11-10 01:57:58.677000
13807,2016-11-10 16:48:35.133000,2016-11-10 16:50:44.170000
13808,2016-11-10 17:34:39.280000,2016-11-10 17:36:46.310000
13809,2016-11-10 17:36:56.283000,2016-11-10 17:39:17.280000
13810,2016-11-10 18:26:28.427000,2016-11-10 18:30:57.420000
13811,2016-11-10 18:38:21.503000,2016-11-10 18:40:44.530000
13812,2016-11-10 19:30:23.633000,2016-11-10 19:32:43.590000
13813,2016-11-10 20:01:11.650000,2016-11-10 20:11:01.670000
13814,2016-11-10 20:35:20.733000,2016-11-10 20:38:11.750000
13815,2016-11-10 20:39:09.753000,2016-11-10 20:42:00.753000
13816,2016-11-10 20:45:04.763000,2016-11-10 20:47:08.820000
13817,2016-11-10 20:47:50.770000,2016-11-10 20:50:36.780000
13818,2016-11-10 20:52:07.777000,2016-11-10 21:00:30.813000
13819,2016-11-10 21:17:55.840000,2016-11-10 21:19:57.857000
13820,2016-11-10 21:20:14.860000,2016-11-10 21:22:45.863000
13821,2016-11-10 22:00:09.950000,2016-11-10 22:02:27.960000
13822,2016-11-10 22:20:25.123000,2016-11-10 22:23:02.120000
13823,2016-11-10 22:49:06.077000,2016-11-10 22:51:38.107000
13824,2016-11-10 23:03:18.113000,2016-11-10 23:08:31.180000
13825,2016-11-10 23:09:11.130000,2016-11-10 23:11:17.137000
13826,2016-11-10 23:17:36.157000,2016-11-10 23:20:09.170000
13827,2016-11-10 23:22:58.273000,2016-11-10 23:26:12.287000
13828,2016-11-10 23:32:24.290000,2016-11-10 23:38:09.213000
13829,2016-11-10 23:50:09.233000,2016-11-10 23:52:31.247000
13830,2016-11-10 23:54:21.263000,2016-11-10 23:56:49.340000
13831,2016-11-11 00:20:50.783000,2016-11-11 00:26:46.373000
13832,2016-11-11 00:27:17.333000,2016-11-11 00:30:25.340000
13833,2016-11-11 00:51:33.400000,2016-11-11 00:53:37.413000
13834,2016-11-11 01:16:58.737000,2016-11-11 01:19:54.603000
13835,2016-11-11 01:32:29.490000,2016-11-11 01:37:24.477000
13836,2016-11-11 02:00:16.397000,2016-11-11 02:01:05.363000
13837,2016-11-11 02:01:11.370000,2016-11-11 02:48:06.550000
13838,2016-11-11 02:48:06.550000,2016-11-11 03:11:16.390000
13839,2016-11-11 03:11:16.390000,2016-11-11 03:11:29.130000
13840,2016-11-12 10:28:49.323000,2016-11-12 10:50:10.330000
13841,2016-11-12 11:46:58.083000,2016-11-12 11:51:07.133000
13842,2016-11-12 11:57:46.040000,2016-11-12 11:59:48.090000
13843,2016-11-12 12:51:26.857000,2016-11-12 12:53:58.867000
13844,2016-11-12 13:46:50.687000,2016-11-12 13:48:55.740000
13845,2016-11-12 14:14:09.863000,2016-11-12 14:17:16.880000
13846,2016-11-12 15:22:05.030000,2016-11-12 15:25:31.040000
13847,2016-11-12 15:40:39.273000,2016-11-12 15:44:53.097000
13848,2016-11-12 15:48:28.103000,2016-11-12 16:00:05.130000
13849,2016-11-12 16:00:20.140000,2016-11-12 16:04:04.233000
13850,2016-11-12 19:28:32.713000,2016-11-12 19:29:59.650000
13851,2016-11-12 19:40:29.670000,2016-11-12 19:49:43.700000
13852,2016-11-12 19:49:43.700000,2016-11-12 19:54:53.733000
13853,2016-11-12 21:33:53.983000,2016-11-12 21:34:58.970000
13854,2016-11-12 21:47:40.003000,2016-11-12 22:02:18.277000
13855,2016-11-12 22:02:18.277000,2016-11-12 22:11:49.143000
13856,2016-11-12 22:13:59.093000,2016-11-12 22:18:19.210000
13857,2016-11-12 22:19:22.183000,2016-11-12 22:24:14.127000
13858,2016-11-12 22:30:59.140000,2016-11-12 22:34:11.167000
13859,2016-11-12 22:38:36.163000,2016-11-12 22:41:53.967000
13860,2016-11-12 23:05:51.177000,2016-11-12 23:20:55.153000
13861,2016-11-12 23:33:00.190000,2016-11-12 23:39:07.247000
13862,2016-11-12 23:54:32.240000,2016-11-13 00:00:55.193000
13863,2016-11-13 00:00:55.193000,2016-11-13 01:09:42.503000
13864,2016-11-13 01:45:17.523000,2016-11-13 01:47:35.620000
13865,2016-11-13 01:48:44.530000,2016-11-13 01:52:59.543000
13866,2016-11-13 03:04:21.730000,2016-11-13 03:11:34.753000
13867,2016-11-13 03:56:03.113000,2016-11-13 03:58:42.983000
13868,2016-11-13 04:24:21.933000,2016-11-13 04:26:29.940000
13869,2016-11-13 05:35:23.113000,2016-11-13 05:40:34.133000
13870,2016-11-13 07:31:13.387000,2016-11-13 07:33:36.423000
13871,2016-11-13 08:43:25.383000,2016-11-13 08:59:00.297000
13872,2016-11-13 15:49:24.893000,2016-11-13 15:53:03.907000
13873,2016-11-13 16:48:01.717000,2016-11-13 16:50:36.710000
13874,2016-11-13 16:53:38.160000,2016-11-13 16:56:47
13875,2016-11-13 17:09:39.770000,2016-11-13 17:12:18.893000
13876,2016-11-13 17:44:36.880000,2016-11-13 17:47:12.933000
13877,2016-11-13 17:52:48.980000,2016-11-13 17:55:43.923000
13878,2016-11-13 18:02:10.973000,2016-11-13 18:04:21.010000
13879,2016-11-13 18:08:06.020000,2016-11-13 18:19:00.030000
13880,2016-11-13 18:20:36.080000,2016-11-13 18:24:28.983000
13881,2016-11-13 19:07:36.100000,2016-11-13 19:09:50.107000
13882,2016-11-13 19:14:04.313000,2016-11-13 19:22:53.173000
13883,2016-11-13 19:45:59.193000,2016-11-13 19:48:45.207000
13884,2016-11-13 19:53:56.257000,2016-11-13 19:56:39.300000
13885,2016-11-13 19:58:38.220000,2016-11-13 20:01:22.250000
13886,2016-11-13 20:29:00.300000,2016-11-13 20:33:39.320000
13887,2016-11-13 20:54:51.430000,2016-11-13 20:58:12.460000
13888,2016-11-13 21:06:08.407000,2016-11-13 21:08:59.467000
13889,2016-11-13 21:26:50.457000,2016-11-13 21:31:05.510000
13890,2016-11-13 22:21:19.713000,2016-11-13 22:24:38.600000
13891,2016-11-13 22:50:09.770000,2016-11-13 22:52:11.670000
13892,2016-11-13 22:53:20.680000,2016-11-13 22:56:16.680000
13893,2016-11-13 23:40:00.833000,2016-11-13 23:57:38.940000
13894,2016-11-14 02:12:03.243000,2016-11-14 02:14:35.230000
13895,2016-11-14 02:34:45.170000,2016-11-14 02:37:00.173000
13896,2016-11-14 02:39:00.197000,2016-11-14 02:41:03.213000
13897,2016-11-14 03:06:11.270000,2016-11-14 03:10:30.253000
13898,2016-11-14 03:16:49.273000,2016-11-14 03:34:28.313000
13899,2016-11-14 03:37:39.373000,2016-11-14 03:40:07.370000
13900,2016-11-14 03:43:52.343000,2016-11-14 03:54:17.383000
13901,2016-11-14 03:58:43.440000,2016-11-14 04:22:30.457000
13902,2016-11-14 04:41:36.493000,2016-11-14 05:02:17.647000
13903,2016-11-14 05:05:10.563000,2016-11-14 05:07:24.563000
13904,2016-11-14 05:19:36.593000,2016-11-14 05:25:04.617000
13905,2016-11-14 05:52:40.667000,2016-11-14 06:02:14.700000
13906,2016-11-14 06:04:31.707000,2016-11-14 06:13:31.727000
13907,2016-11-14 06:14:15.733000,2016-11-14 06:16:51.847000
13908,2016-11-14 06:52:23.923000,2016-11-14 06:55:06.950000
13909,2016-11-14 06:56:27.833000,2016-11-14 06:59:27.853000
13910,2016-11-14 07:08:48.870000,2016-11-14 07:12:03.880000
13911,2016-11-14 07:12:56.940000,2016-11-14 07:15:39.933000
13912,2016-11-14 07:28:54.917000,2016-11-14 07:31:56.933000
13913,2016-11-14 07:35:20.940000,2016-11-14 07:37:32.943000
13914,2016-11-14 07:38:05.957000,2016-11-14 07:40:18.983000
13915,2016-11-14 07:41:36.957000,2016-11-14 07:43:49
13916,2016-11-14 07:47:10.963000,2016-11-14 07:49:26.117000
13917,2016-11-14 07:51:35.970000,2016-11-14 07:54:21.113000
13918,2016-11-14 07:54:26.040000,2016-11-14 07:59:59.110000
13919,2016-11-14 08:22:01.810000,2016-11-14 08:33:13.087000
13920,2016-11-14 08:36:07.130000,2016-11-14 08:42:06.113000
13921,2016-11-14 08:44:49.110000,2016-11-14 09:00:45.177000
13922,2016-11-14 09:02:32.217000,2016-11-14 09:05:06.187000
13923,2016-11-14 09:14:43.200000,2016-11-14 09:18:03.200000
13924,2016-11-14 09:30:53.343000,2016-11-14 09:32:58.320000
13925,2016-11-14 10:07:25.343000,2016-11-14 10:13:33.340000
13926,2016-11-14 10:16:03.447000,2016-11-14 10:21:22.377000
13927,2016-11-14 10:27:09.383000,2016-11-14 10:29:34.400000
13928,2016-11-14 10:29:50.490000,2016-11-14 10:32:00.387000
13929,2016-11-14 10:33:48.423000,2016-11-14 10:36:33.400000
13930,2016-11-14 10:40:09.403000,2016-11-14 10:43:33.423000
13931,2016-11-14 10:46:15.430000,2016-11-14 10:51:11.443000
13932,2016-11-14 10:58:22.687000,2016-11-14 11:01:14.460000
13933,2016-11-14 11:09:34.850000,2016-11-14 11:12:38.697000
13934,2016-11-14 11:19:43.603000,2016-11-14 11:22:40.543000
13935,2016-11-14 11:28:57.567000,2016-11-14 11:32:11.550000
13936,2016-11-14 11:33:46.570000,2016-11-14 11:37:06.490000
13937,2016-11-14 11:40:51.470000,2016-11-14 11:43:00.477000
13938,2016-11-14 11:43:12.477000,2016-11-14 11:51:25.470000
13939,2016-11-14 12:01:08.443000,2016-11-14 12:08:27.393000
13940,2016-11-14 12:08:50.387000,2016-11-14 12:12:42.377000
13941,2016-11-14 12:13:46.377000,2016-11-14 12:24:07.400000
13942,2016-11-14 12:24:36.483000,2016-11-14 12:28:31.393000
13943,2016-11-14 12:43:59.253000,2016-11-14 12:50:23.403000
13944,2016-11-14 13:01:14.203000,2016-11-14 13:04:46.193000
13945,2016-11-14 13:07:53.180000,2016-11-14 13:10:12.177000
13946,2016-11-14 13:15:53.160000,2016-11-14 13:17:54.267000
13947,2016-11-14 13:18:53.133000,2016-11-14 13:23:14.160000
13948,2016-11-14 13:39:47.067000,2016-11-14 13:51:35.030000
13949,2016-11-14 13:54:50.020000,2016-11-14 13:57:29.167000
13950,2016-11-14 14:09:03.010000,2016-11-14 14:12:48.960000
13951,2016-11-14 14:35:43.933000,2016-11-14 14:37:56.873000
13952,2016-11-14 15:07:24.773000,2016-11-14 15:12:43.753000
13953,2016-11-14 15:22:45.720000,2016-11-14 15:27:26.790000
13954,2016-11-14 15:33:01.670000,2016-11-14 15:36:50.747000
13955,2016-11-14 15:45:24.630000,2016-11-14 15:47:43.673000
13956,2016-11-14 16:28:56.487000,2016-11-14 16:41:33.503000
13957,2016-11-14 16:55:49.393000,2016-11-14 16:58:26.427000
13958,2016-11-14 17:10:23.393000,2016-11-14 17:15:04.460000
13959,2016-11-14 17:17:42.320000,2016-11-14 17:32:57.353000
13960,2016-11-14 17:47:32.270000,2016-11-14 17:49:59.210000
13961,2016-11-14 17:51:57.227000,2016-11-14 17:54:45.280000
13962,2016-11-14 17:56:02.187000,2016-11-14 17:58:42.180000
13963,2016-11-14 18:07:39.263000,2016-11-14 18:09:55.227000
13964,2016-11-14 18:28:11.083000,2016-11-14 18:31:12.073000
13965,2016-11-14 18:48:39.013000,2016-11-14 19:11:24.900000
13966,2016-11-14 19:11:36.897000,2016-11-14 21:25:54.893000
13967,2016-11-14 21:25:54.893000,2016-11-14 21:26:12.930000
13968,2016-11-14 22:18:01.073000,2016-11-14 23:35:02.580000
13969,2016-11-14 23:35:02.580000,2016-11-14 23:35:15.270000
13970,2016-11-15 02:52:05.763000,2016-11-15 03:41:41.310000
13971,2016-11-15 03:41:41.310000,2016-11-15 04:02:11.950000
13972,2016-11-15 04:43:01.063000,2016-11-15 04:45:40.090000
13973,2016-11-15 04:45:50.170000,2016-11-15 04:50:45.113000
13974,2016-11-15 04:53:07.123000,2016-11-15 05:17:07.070000
13975,2016-11-15 05:45:58.477000,2016-11-15 05:48:27.157000
13976,2016-11-15 05:53:21.150000,2016-11-15 05:55:24.163000
13977,2016-11-15 05:57:39.170000,2016-11-15 06:10:24.210000
13978,2016-11-15 06:11:11.217000,2016-11-15 06:16:32.383000
13979,2016-11-15 06:17:17.240000,2016-11-15 07:00:37.307000
13980,2016-11-15 07:24:19.360000,2016-11-15 07:26:24.460000
13981,2016-11-15 07:31:20.417000,2016-11-15 07:45:45.440000
13982,2016-11-15 07:46:11.517000,2016-11-15 07:50:55.463000
13983,2016-11-15 07:53:16.457000,2016-11-15 07:57:54.483000
13984,2016-11-15 08:05:00.490000,2016-11-15 08:07:31.533000
13985,2016-11-15 09:03:07.650000,2016-11-15 09:05:14.663000
13986,2016-11-15 09:26:37.753000,2016-11-15 09:31:22.767000
13987,2016-11-15 09:56:06.813000,2016-11-15 09:59:03.783000
13988,2016-11-15 10:10:41.820000,2016-11-15 10:13:53.830000
13989,2016-11-15 10:32:10.867000,2016-11-15 10:34:20.060000
13990,2016-11-15 10:54:02.937000,2016-11-15 10:58:50.943000
13991,2016-11-15 10:59:59.960000,2016-11-15 11:02:46.960000
13992,2016-11-15 11:09:19.967000,2016-11-15 11:11:38.970000
13993,2016-11-15 11:26:01.210000,2016-11-15 11:29:31.033000
13994,2016-11-15 11:59:49.090000,2016-11-15 12:03:41.103000
13995,2016-11-15 12:12:04.137000,2016-11-15 12:14:46.133000
13996,2016-11-15 12:55:50.290000,2016-11-15 12:57:50.260000
13997,2016-11-15 13:26:24.313000,2016-11-15 13:28:33.320000
13998,2016-11-15 13:43:07.480000,2016-11-15 13:46:00.367000
13999,2016-11-15 14:20:09.460000,2016-11-15 14:23:11.557000
14000,2016-11-15 14:33:43.607000,2016-11-15 14:35:50.667000
14001,2016-11-15 14:36:03.567000,2016-11-15 15:56:56.273000
14002,2016-11-15 17:10:44.013000,2016-11-15 17:13:23.090000
14003,2016-11-15 17:17:26.023000,2016-11-15 17:20:21.980000
14004,2016-11-15 17:28:36.007000,2016-11-15 17:31:47.953000
14005,2016-11-15 17:44:18.900000,2016-11-15 18:20:40.773000
14006,2016-11-15 19:00:10.640000,2016-11-15 19:03:17.730000
14007,2016-11-15 19:44:39.493000,2016-11-15 19:46:54.503000
14008,2016-11-15 20:07:55.457000,2016-11-15 20:15:06.380000
14009,2016-11-15 20:20:22.413000,2016-11-15 20:22:39.380000
14010,2016-11-15 20:23:05.400000,2016-11-15 20:29:09.330000
14011,2016-11-15 21:18:40.163000,2016-11-15 21:20:43.260000
14012,2016-11-15 22:03:45.083000,2016-11-15 22:07:48.003000
14013,2016-11-15 22:30:01.927000,2016-11-15 22:37:32.890000
14014,2016-11-15 22:43:38.877000,2016-11-15 22:46:15.873000
14015,2016-11-15 22:47:20.940000,2016-11-15 22:50:05.850000
14016,2016-11-15 23:07:05.807000,2016-11-15 23:09:17.803000
14017,2016-11-15 23:13:38.783000,2016-11-15 23:16:43.763000
14018,2016-11-15 23:44:36.743000,2016-11-15 23:47:12.850000
14019,2016-11-16 01:05:07.010000,2016-11-16 01:07:56.013000
14020,2016-11-16 01:36:57.153000,2016-11-16 01:41:51.173000
14021,2016-11-16 01:52:38.157000,2016-11-16 01:56:31.143000
14022,2016-11-16 02:00:39.150000,2016-11-16 02:08:11.273000
14023,2016-11-16 02:10:58.170000,2016-11-16 02:14:39.187000
14024,2016-11-16 02:17:56.190000,2016-11-16 02:20:41.207000
14025,2016-11-16 02:28:12.243000,2016-11-16 02:30:59.223000
14026,2016-11-16 02:58:37.290000,2016-11-16 03:12:31.313000
14027,2016-11-16 03:12:37.303000,2016-11-16 03:34:44.127000
14028,2016-11-16 03:34:44.127000,2016-11-16 04:25:38.527000
14029,2016-11-16 04:26:03.520000,2016-11-16 04:29:09.520000
14030,2016-11-16 04:32:57.627000,2016-11-16 04:35:49.710000
14031,2016-11-16 04:44:50.563000,2016-11-16 04:54:07.717000
14032,2016-11-16 04:56:22.597000,2016-11-16 04:59:58.700000
14033,2016-11-16 05:09:10.640000,2016-11-16 05:11:30.650000
14034,2016-11-16 05:23:49.733000,2016-11-16 05:26:43.677000
14035,2016-11-16 06:18:25.840000,2016-11-16 06:23:18.827000
14036,2016-11-16 06:31:21.843000,2016-11-16 06:33:47.990000
14037,2016-11-16 06:54:17.937000,2016-11-16 06:57:38.940000
14038,2016-11-16 06:58:47.010000,2016-11-16 07:05:27.927000
14039,2016-11-16 07:13:46.050000,2016-11-16 07:16:01.960000
14040,2016-11-16 07:33:37,2016-11-16 07:38:17.010000
14041,2016-11-16 08:22:13.427000,2016-11-16 08:23:35.133000
14042,2016-11-16 08:39:02.767000,2016-11-16 08:45:58.237000
14043,2016-11-16 09:06:33.470000,2016-11-16 09:10:07.143000
14044,2016-11-16 09:10:14.140000,2016-11-16 10:31:37.943000
14045,2016-11-16 10:31:37.943000,2016-11-16 10:31:58.137000
14046,2016-11-16 10:31:58.137000,2016-11-16 10:57:41.427000
14047,2016-11-16 11:02:49.517000,2016-11-16 11:05:05.440000
14048,2016-11-16 11:05:55.580000,2016-11-16 11:09:51.503000
14049,2016-11-16 11:10:25.453000,2016-11-16 11:15:02.470000
14050,2016-11-16 11:16:01.460000,2016-11-16 11:19:01.527000
14051,2016-11-16 11:21:07.520000,2016-11-16 11:23:30.600000
14052,2016-11-16 11:37:50.527000,2016-11-16 11:40:33.520000
14053,2016-11-16 11:57:15.613000,2016-11-16 11:59:37.570000
14054,2016-11-16 12:04:03.710000,2016-11-16 12:06:29.607000
14055,2016-11-16 12:12:33.617000,2016-11-16 12:15:29.733000
14056,2016-11-16 12:19:59.630000,2016-11-16 12:22:45.780000
14057,2016-11-16 12:40:40.730000,2016-11-16 12:43:45.723000
14058,2016-11-16 12:46:13.700000,2016-11-16 12:49:18.737000
14059,2016-11-16 12:50:18.710000,2016-11-16 12:52:52.723000
14060,2016-11-16 12:55:38.733000,2016-11-16 13:00:07.730000
14061,2016-11-16 13:02:20.747000,2016-11-16 13:04:25.800000
14062,2016-11-16 13:20:30.787000,2016-11-16 13:28:02.963000
14063,2016-11-16 13:55:02.893000,2016-11-16 13:57:22.950000
14064,2016-11-16 15:29:21.153000,2016-11-16 15:31:27.127000
14065,2016-11-16 16:21:47.450000,2016-11-16 16:23:56.357000
14066,2016-11-16 16:50:17.467000,2016-11-16 17:00:05.410000
14067,2016-11-16 17:13:40.377000,2016-11-16 17:15:46.410000
14068,2016-11-16 17:17:58.387000,2016-11-16 17:26:59.393000
14069,2016-11-16 17:27:08.397000,2016-11-16 19:32:35.433000
14070,2016-11-16 19:32:35.433000,2016-11-16 19:33:10.350000
14071,2016-11-16 19:33:56.260000,2016-11-16 19:49:05.150000
14072,2016-11-16 19:53:45.120000,2016-11-16 20:00:27.100000
14073,2016-11-16 20:08:53.087000,2016-11-16 20:12:17.070000
14074,2016-11-16 20:13:46.063000,2016-11-16 20:15:54.053000
14075,2016-11-16 20:17:21.050000,2016-11-16 20:22:25.030000
14076,2016-11-16 20:24:09.030000,2016-11-16 20:32:01.997000
14077,2016-11-16 20:58:24.923000,2016-11-16 21:05:11.990000
14078,2016-11-16 21:27:51.803000,2016-11-16 21:30:25.800000
14079,2016-11-16 21:40:41.770000,2016-11-16 21:46:17.810000
14080,2016-11-16 22:33:43.620000,2016-11-16 22:41:52.557000
14081,2016-11-16 22:43:25.540000,2016-11-16 22:45:39.557000
14082,2016-11-16 22:49:59.623000,2016-11-16 22:57:02.503000
14083,2016-11-16 23:00:46.513000,2016-11-16 23:05:22.487000
14084,2016-11-16 23:12:16.500000,2016-11-16 23:14:39.490000
14085,2016-11-16 23:25:42.420000,2016-11-16 23:28:48.447000
14086,2016-11-16 23:36:38.480000,2016-11-16 23:44:16.303000
14087,2016-11-16 23:44:22.310000,2016-11-16 23:58:12.297000
14088,2016-11-17 00:06:35.260000,2016-11-17 00:08:45.250000
14089,2016-11-17 01:18:28.077000,2016-11-17 01:22:20.993000
14090,2016-11-17 01:57:43.883000,2016-11-17 02:00:13.943000
14091,2016-11-17 02:00:36.863000,2016-11-17 02:04:06.953000
14092,2016-11-17 02:14:28.820000,2016-11-17 02:52:03.053000
14093,2016-11-17 02:54:27.293000,2016-11-17 03:03:41.820000
14094,2016-11-17 03:19:33.867000,2016-11-17 03:23:14.963000
14095,2016-11-17 03:29:49,2016-11-17 03:32:09.897000
14096,2016-11-17 03:35:57.107000,2016-11-17 03:39:44.920000
14097,2016-11-17 03:55:52.020000,2016-11-17 03:58:04.977000
14098,2016-11-17 04:01:47.103000,2016-11-17 04:10:14.990000
14099,2016-11-17 04:24:49.037000,2016-11-17 04:28:37.073000
14100,2016-11-17 04:30:27.083000,2016-11-17 04:33:37.097000
14101,2016-11-17 04:41:30.200000,2016-11-17 04:43:30.080000
14102,2016-11-17 05:02:17.227000,2016-11-17 05:17:12.183000
14103,2016-11-17 05:20:40.177000,2016-11-17 05:23:33.190000
14104,2016-11-17 05:29:15.200000,2016-11-17 05:31:51.267000
14105,2016-11-17 05:43:14.233000,2016-11-17 05:54:03.237000
14106,2016-11-17 06:21:05.297000,2016-11-17 06:23:25.343000
14107,2016-11-17 06:32:59.437000,2016-11-17 06:35:24.380000
14108,2016-11-17 06:40:42.490000,2016-11-17 06:45:52.513000
14109,2016-11-17 06:47:04.400000,2016-11-17 06:51:29.443000
14110,2016-11-17 07:10:15.463000,2016-11-17 07:16:39.630000
14111,2016-11-17 07:24:31.500000,2016-11-17 07:28:28.520000
14112,2016-11-17 07:59:25.627000,2016-11-17 08:02:32.590000
14113,2016-11-17 08:26:15.640000,2016-11-17 08:32:25.780000
14114,2016-11-17 08:36:10.673000,2016-11-17 08:49:40.707000
14115,2016-11-17 08:59:30.827000,2016-11-17 09:13:41.937000
14116,2016-11-17 10:03:06.897000,2016-11-17 10:05:52.907000
14117,2016-11-17 10:10:34.977000,2016-11-17 10:13:50.940000
14118,2016-11-17 10:31:32.963000,2016-11-17 10:34:07.970000
14119,2016-11-17 10:55:28.037000,2016-11-17 10:58:11.050000
14120,2016-11-17 11:48:35.283000,2016-11-17 11:50:50.170000
14121,2016-11-17 12:02:40.343000,2016-11-17 12:03:42.277000
14122,2016-11-17 16:22:16.730000,2016-11-17 16:28:12.773000
14123,2016-11-17 16:45:11.873000,2016-11-17 16:48:54.950000
14124,2016-11-17 16:52:34.850000,2016-11-17 16:54:40.897000
14125,2016-11-17 17:15:34.973000,2016-11-17 17:19:03.910000
14126,2016-11-17 17:43:40.987000,2016-11-17 17:48:47.980000
14127,2016-11-17 18:19:42.067000,2016-11-17 18:24:12.090000
14128,2016-11-17 18:37:31.120000,2016-11-17 18:39:46.120000
14129,2016-11-17 18:45:26.250000,2016-11-17 18:50:15.147000
14130,2016-11-17 19:06:15.180000,2016-11-17 19:08:29.197000
14131,2016-11-17 19:08:51.197000,2016-11-17 19:19:19.360000
14132,2016-11-17 19:19:32.210000,2016-11-17 20:04:39.343000
14133,2016-11-17 20:04:54.393000,2016-11-17 20:09:29.453000
14134,2016-11-17 20:14:57.393000,2016-11-17 20:21:53.380000
14135,2016-11-17 20:25:32.387000,2016-11-17 20:31:53.407000
14136,2016-11-17 20:35:19.463000,2016-11-17 20:39:02.427000
14137,2016-11-17 20:39:17.523000,2016-11-17 21:15:33.650000
14138,2016-11-17 21:16:57.587000,2016-11-17 21:57:40.393000
14139,2016-11-18 04:43:29.983000,2016-11-18 04:48:57.003000
14140,2016-11-18 04:49:13.987000,2016-11-18 04:56:00.970000
14141,2016-11-18 04:56:14.960000,2016-11-18 04:59:08.963000
14142,2016-11-18 05:06:14.990000,2016-11-18 05:08:55.930000
14143,2016-11-18 05:14:10.910000,2016-11-18 05:17:13.893000
14144,2016-11-18 05:20:12.907000,2016-11-18 05:22:44.883000
14145,2016-11-18 05:33:18.857000,2016-11-18 05:35:50.910000
14146,2016-11-18 05:45:47.870000,2016-11-18 05:50:51.777000
14147,2016-11-18 05:51:32.770000,2016-11-18 05:54:49.773000
14148,2016-11-18 06:31:37.880000,2016-11-18 06:34:07.840000
14149,2016-11-18 06:41:25.953000,2016-11-18 06:45:59.877000
14150,2016-11-18 06:46:38.883000,2016-11-18 06:48:51.933000
14151,2016-11-18 07:37:47,2016-11-18 07:40:47.020000
14152,2016-11-18 07:44:41.030000,2016-11-18 07:47:18.040000
14153,2016-11-18 07:58:29.083000,2016-11-18 08:01:40.367000
14154,2016-11-18 08:22:51.847000,2016-11-18 08:26:08.233000
14155,2016-11-18 08:47:28.240000,2016-11-18 08:56:58.197000
14156,2016-11-18 09:30:13.257000,2016-11-18 10:08:52.153000
14157,2016-11-18 10:08:52.153000,2016-11-18 10:14:35.403000
14158,2016-11-18 10:16:43.500000,2016-11-18 10:27:53.443000
14159,2016-11-18 10:28:13.500000,2016-11-18 10:37:48.480000
14160,2016-11-18 10:39:19.513000,2016-11-18 10:43:40.557000
14161,2016-11-18 10:44:36.483000,2016-11-18 10:47:15.630000
14162,2016-11-18 10:48:23.587000,2016-11-18 10:55:26.520000
14163,2016-11-18 10:57:39.510000,2016-11-18 11:06:32.580000
14164,2016-11-18 11:08:10.603000,2016-11-18 11:17:23.633000
14165,2016-11-18 11:18:20.577000,2016-11-18 11:24:43.637000
14166,2016-11-18 11:31:05.600000,2016-11-18 11:33:20.033000
14167,2016-11-18 11:33:20.033000,2016-11-18 11:33:22.670000
14168,2016-11-18 11:34:09.617000,2016-11-18 11:47:58.743000
14169,2016-11-18 11:58:10.667000,2016-11-18 12:00:16.730000
14170,2016-11-18 12:01:30.687000,2016-11-18 12:02:22.657000
14171,2016-11-18 12:12:38.683000,2016-11-18 12:28:23.837000
14172,2016-11-18 12:30:07.750000,2016-11-18 12:39:23.977000
14173,2016-11-18 12:39:42.873000,2016-11-18 13:25:25.870000
14174,2016-11-18 15:25:13.243000,2016-11-18 15:29:15.247000
14175,2016-11-18 15:57:02.287000,2016-11-18 16:00:04.600000
14176,2016-11-18 16:00:04.600000,2016-11-18 16:25:28.320000
14177,2016-11-18 16:45:45.363000,2016-11-18 16:48:32.423000
14178,2016-11-18 16:54:04.387000,2016-11-18 16:56:08.460000
14179,2016-11-18 17:10:29.523000,2016-11-18 17:15:47.440000
14180,2016-11-18 17:18:19.453000,2016-11-18 17:20:20.457000
14181,2016-11-18 17:27:34.460000,2016-11-18 17:30:05.500000
14182,2016-11-18 18:16:52.590000,2016-11-18 18:20:33.607000
14183,2016-11-18 20:14:32.983000,2016-11-18 20:16:46.930000
14184,2016-11-18 20:20:31.913000,2016-11-18 20:23:06.927000
14185,2016-11-18 20:37:25.017000,2016-11-18 20:40:00.977000
14186,2016-11-18 21:00:53.023000,2016-11-18 21:04:05.097000
14187,2016-11-18 21:10:57.040000,2016-11-18 21:13:22.050000
14188,2016-11-18 21:13:45.130000,2016-11-18 21:17:43.073000
14189,2016-11-18 21:20:07.060000,2016-11-18 21:23:21.070000
14190,2016-11-18 21:25:17.113000,2016-11-18 21:33:57.220000
14191,2016-11-18 21:38:09.147000,2016-11-18 21:40:32.223000
14192,2016-11-18 21:46:57.137000,2016-11-18 21:49:01.210000
14193,2016-11-18 21:55:20.150000,2016-11-18 21:58:49.173000
14194,2016-11-18 22:09:41.190000,2016-11-18 22:10:35.170000
14195,2016-11-18 22:10:38.167000,2016-11-18 22:20:46.220000
14196,2016-11-18 22:39:41.267000,2016-11-18 22:46:07.293000
14197,2016-11-18 23:02:07.347000,2016-11-18 23:05:19.427000
14198,2016-11-18 23:19:03.470000,2016-11-18 23:21:46.380000
14199,2016-11-18 23:27:18.393000,2016-11-18 23:29:18.413000
14200,2016-11-18 23:33:29.413000,2016-11-18 23:36:15.430000
14201,2016-11-18 23:49:25.493000,2016-11-18 23:56:56.480000
14202,2016-11-19 00:40:55.540000,2016-11-19 00:59:37.483000
14203,2016-11-19 01:00:28.533000,2016-11-19 01:03:22.540000
14204,2016-11-19 01:09:27.443000,2016-11-19 01:12:39.440000
14205,2016-11-19 01:13:03.613000,2016-11-19 01:16:58.420000
14206,2016-11-19 01:17:32.473000,2016-11-19 01:23:36.403000
14207,2016-11-19 01:26:35.447000,2016-11-19 01:32:05.373000
14208,2016-11-19 01:37:18.357000,2016-11-19 01:40:16.343000
14209,2016-11-19 01:45:56.330000,2016-11-19 01:48:32.377000
14210,2016-11-19 01:52:52.343000,2016-11-19 01:59:39.280000
14211,2016-11-19 02:09:44.250000,2016-11-19 02:22:54.193000
14212,2016-11-19 03:09:35.080000,2016-11-19 03:12:03.147000
14213,2016-11-19 03:13:40.023000,2016-11-19 03:18:06.013000
14214,2016-11-19 03:36:10.980000,2016-11-19 03:38:13.980000
14215,2016-11-19 03:49:44.900000,2016-11-19 03:54:19.887000
14216,2016-11-19 04:12:15.823000,2016-11-19 04:16:37.800000
14217,2016-11-19 04:31:13.760000,2016-11-19 04:39:25.723000
14218,2016-11-19 04:46:46.747000,2016-11-19 04:50:22.687000
14219,2016-11-19 04:54:01.813000,2016-11-19 04:59:41.730000
14220,2016-11-19 05:00:34.667000,2016-11-19 05:02:34.650000
14221,2016-11-19 05:13:57.613000,2016-11-19 05:14:11.577000
14222,2016-11-19 06:39:55.290000,2016-11-19 06:42:08.303000
14223,2016-11-19 07:03:06.263000,2016-11-19 07:06:23.223000
14224,2016-11-19 09:00:57.823000,2016-11-19 09:05:38.813000
14225,2016-11-19 09:42:40.823000,2016-11-19 09:49:21.860000
14226,2016-11-19 09:49:25.860000,2016-11-19 09:52:24.853000
14227,2016-11-19 09:53:20.903000,2016-11-19 09:56:43.053000
14228,2016-11-19 10:21:53.933000,2016-11-19 10:24:02.973000
14229,2016-11-19 10:30:50.960000,2016-11-19 10:32:59.963000
14230,2016-11-19 10:34:12.017000,2016-11-19 10:37:12.990000
14231,2016-11-19 11:27:21.100000,2016-11-19 11:32:57.167000
14232,2016-11-19 11:44:36.170000,2016-11-19 11:51:03.143000
14233,2016-11-19 11:55:19.150000,2016-11-19 14:05:26.560000
14234,2016-11-19 15:33:02.743000,2016-11-19 15:35:07.780000
14235,2016-11-19 16:41:08.957000,2016-11-19 16:44:42.990000
14236,2016-11-19 17:30:06.040000,2016-11-19 17:32:29.040000
14237,2016-11-19 18:55:54.240000,2016-11-19 19:03:07.320000
14238,2016-11-19 19:03:09.203000,2016-11-19 19:14:07.273000
14239,2016-11-19 19:14:40.227000,2016-11-19 19:16:53.230000
14240,2016-11-19 19:19:07.250000,2016-11-19 19:24:36.290000
14241,2016-11-19 19:25:23.283000,2016-11-19 19:29:08.257000
14242,2016-11-19 19:31:38.340000,2016-11-19 20:47:14.047000
14243,2016-11-19 20:47:14.047000,2016-11-19 21:20:56.633000
14244,2016-11-19 21:32:52.587000,2016-11-19 21:35:31.590000
14245,2016-11-19 21:48:40.690000,2016-11-19 21:53:27.710000
14246,2016-11-20 00:32:55.040000,2016-11-20 00:36:49.053000
14247,2016-11-20 03:41:39.863000,2016-11-20 03:43:55.760000
14248,2016-11-20 04:00:30.510000,2016-11-20 04:05:05.490000
14249,2016-11-20 05:32:58.180000,2016-11-20 05:39:23.170000
14250,2016-11-20 05:47:59.123000,2016-11-20 05:49:59.130000
14251,2016-11-20 05:50:43.120000,2016-11-20 05:52:43.107000
14252,2016-11-20 06:20:07.013000,2016-11-20 06:22:48.020000
14253,2016-11-20 06:29:27.997000,2016-11-20 06:35:30.973000
14254,2016-11-20 06:46:05.937000,2016-11-20 06:48:07.980000
14255,2016-11-20 08:15:52.313000,2016-11-20 08:17:59.620000
14256,2016-11-20 08:22:48.597000,2016-11-20 08:24:50.613000
14257,2016-11-20 09:44:19.320000,2016-11-20 09:47:07.383000
14258,2016-11-20 16:02:30.320000,2016-11-20 16:05:31.323000
14259,2016-11-20 20:14:05.513000,2016-11-20 20:14:53.070000
14260,2016-11-21 00:20:44.597000,2016-11-21 00:27:15.520000
14261,2016-11-21 00:27:28.530000,2016-11-21 00:31:22.540000
14262,2016-11-21 00:37:16.577000,2016-11-21 00:39:37.557000
14263,2016-11-21 03:31:37.040000,2016-11-21 03:33:02.970000
14264,2016-11-21 03:48:13.010000,2016-11-21 04:48:51.220000
14265,2016-11-21 07:18:49.580000,2016-11-21 07:20:56.560000
14266,2016-11-21 08:23:10.853000,2016-11-21 08:25:49.340000
14267,2016-11-21 09:09:41.267000,2016-11-21 09:12:12.283000
14268,2016-11-21 10:02:54.007000,2016-11-21 10:05:39.103000
14269,2016-11-21 10:46:07.877000,2016-11-21 10:48:55.850000
14270,2016-11-21 10:55:44.830000,2016-11-21 10:58:54.897000
14271,2016-11-21 11:02:27.807000,2016-11-21 11:15:28.760000
14272,2016-11-21 11:20:41.797000,2016-11-21 11:23:00.737000
14273,2016-11-21 11:33:12.690000,2016-11-21 11:46:25.647000
14274,2016-11-21 11:47:20.647000,2016-11-21 11:50:18.633000
14275,2016-11-21 12:14:53.557000,2016-11-21 12:18:53.537000
14276,2016-11-21 13:20:24.317000,2016-11-21 13:24:41.327000
14277,2016-11-21 14:02:14.210000,2016-11-21 14:05:15.250000
14278,2016-11-21 15:09:06,2016-11-21 15:11:24.950000
14279,2016-11-21 18:18:27.173000,2016-11-21 18:20:57.170000
14280,2016-11-21 20:47:52.560000,2016-11-21 20:50:34.557000
14281,2016-11-21 20:57:27.600000,2016-11-21 21:00:01.577000
14282,2016-11-21 21:33:26.667000,2016-11-21 21:39:01.677000
14283,2016-11-21 22:40:12.833000,2016-11-21 22:42:58.847000
14284,2016-11-21 23:42:48.020000,2016-11-21 23:47:29.100000
14285,2016-11-22 00:10:46.060000,2016-11-22 00:14:11.170000
14286,2016-11-22 00:18:54.103000,2016-11-22 00:22:15.110000
14287,2016-11-22 00:48:28.160000,2016-11-22 00:50:39.190000
14288,2016-11-22 00:53:39.180000,2016-11-22 00:57:13.190000
14289,2016-11-22 01:29:19.277000,2016-11-22 01:31:59.230000
14290,2016-11-22 01:31:59.230000,2016-11-22 01:54:46.547000
14291,2016-11-22 01:54:46.547000,2016-11-22 02:25:41.583000
14292,2016-11-22 02:25:41.583000,2016-11-22 02:47:04.400000
14293,2016-11-22 02:55:47.423000,2016-11-22 03:01:00.493000
14294,2016-11-22 03:25:22.490000,2016-11-22 03:28:39.583000
14295,2016-11-22 03:33:49.577000,2016-11-22 03:40:01.643000
14296,2016-11-22 04:15:19.630000,2016-11-22 04:18:02.630000
14297,2016-11-22 04:52:44.723000,2016-11-22 04:55:21.733000
14298,2016-11-22 08:20:13.620000,2016-11-22 08:23:59.257000
14299,2016-11-22 08:54:10.330000,2016-11-22 10:36:47.690000
14300,2016-11-22 10:38:45.707000,2016-11-22 11:07:01.503000
14301,2016-11-22 11:09:45.483000,2016-11-22 11:11:55.493000
14302,2016-11-22 12:16:41.293000,2016-11-22 12:18:48.300000
14303,2016-11-22 13:36:17.987000,2016-11-22 13:39:02.070000
14304,2016-11-22 13:49:43.927000,2016-11-22 13:52:21.920000
14305,2016-11-22 16:45:39.380000,2016-11-22 16:47:52.320000
14306,2016-11-22 18:39:40.937000,2016-11-22 18:43:26.920000
14307,2016-11-22 18:47:29.903000,2016-11-22 19:07:38.847000
14308,2016-11-22 21:16:35.160000,2016-11-22 21:20:22.120000
14309,2016-11-22 21:22:59.120000,2016-11-22 21:24:36.100000
14310,2016-11-22 21:24:39.097000,2016-11-22 21:25:33.177000
14311,2016-11-22 21:26:39.147000,2016-11-22 21:38:58.167000
14312,2016-11-22 22:45:45.327000,2016-11-22 22:55:19.430000
14313,2016-11-22 23:37:56.510000,2016-11-22 23:40:18.503000
14314,2016-11-23 02:09:16.897000,2016-11-23 02:10:54.840000
14315,2016-11-23 02:11:03.840000,2016-11-23 02:47:57.190000
14316,2016-11-23 02:47:57.190000,2016-11-23 03:29:04.080000
14317,2016-11-23 03:31:54.070000,2016-11-23 03:53:29.137000
14318,2016-11-23 03:59:51.197000,2016-11-23 04:02:12.193000
14319,2016-11-23 08:30:53.797000,2016-11-23 08:33:34.763000
14320,2016-11-23 12:43:00.407000,2016-11-23 12:45:12.410000
14321,2016-11-23 15:25:38.377000,2016-11-23 15:27:45.267000
14322,2016-11-23 16:44:22,2016-11-23 16:48:08.080000
14323,2016-11-23 17:16:46.890000,2016-11-23 17:19:06.873000
14324,2016-11-23 19:05:53.520000,2016-11-23 19:16:55.517000
14325,2016-11-23 19:38:31.427000,2016-11-23 19:40:37.430000
14326,2016-11-23 19:42:12.400000,2016-11-23 19:44:57.407000
14327,2016-11-23 21:38:23.010000,2016-11-23 21:42:46.183000
14328,2016-11-23 22:20:31.863000,2016-11-23 22:24:36.933000
14329,2016-11-23 22:30:15.880000,2016-11-23 22:37:20.807000
14330,2016-11-23 23:09:57.050000,2016-11-23 23:13:38.050000
14331,2016-11-23 23:23:00.990000,2016-11-23 23:31:34.980000
14332,2016-11-23 23:31:39.987000,2016-11-23 23:50:43.800000
14333,2016-11-23 23:50:43.800000,2016-11-24 00:00:19.563000
14334,2016-11-24 00:18:34.090000,2016-11-24 00:25:54.900000
14335,2016-11-24 00:25:54.900000,2016-11-24 00:25:58.053000
14336,2016-11-24 00:25:58.053000,2016-11-24 00:26:10.130000
14337,2016-11-24 03:10:57.553000,2016-11-24 03:13:19.577000
14338,2016-11-24 07:26:06.237000,2016-11-24 07:28:39.353000
14339,2016-11-24 08:45:19.373000,2016-11-24 08:50:21.337000
14340,2016-11-24 08:58:18.410000,2016-11-24 09:01:21.423000
14341,2016-11-24 10:54:33.653000,2016-11-24 11:31:42.723000
14342,2016-11-24 11:31:48.730000,2016-11-24 13:34:54.527000
14343,2016-11-24 13:34:54.527000,2016-11-24 13:44:37.100000
14344,2016-11-24 13:47:36.143000,2016-11-24 13:51:40.110000
14345,2016-11-24 13:52:41.160000,2016-11-24 13:55:08.200000
14346,2016-11-24 13:57:10.117000,2016-11-24 14:06:14.147000
14347,2016-11-24 14:17:45.193000,2016-11-24 14:19:46.183000
14348,2016-11-24 14:23:52.190000,2016-11-24 14:28:26.213000
14349,2016-11-24 14:41:17.350000,2016-11-24 14:51:56.443000
14350,2016-11-24 14:52:56.260000,2016-11-24 14:58:23.287000
14351,2016-11-24 15:03:02.353000,2016-11-24 15:05:18.297000
14352,2016-11-24 15:08:22.450000,2016-11-24 15:13:52.300000
14353,2016-11-24 16:58:08.770000,2016-11-24 17:00:21.693000
14354,2016-11-24 17:07:18.593000,2016-11-24 17:09:33.580000
14355,2016-11-24 17:18:25.543000,2016-11-24 17:21:28.707000
14356,2016-11-24 17:30:46.507000,2016-11-24 17:33:18.580000
14357,2016-11-24 18:51:11.240000,2016-11-24 18:54:29.217000
14358,2016-11-24 19:57:33.057000,2016-11-24 20:14:42.953000
14359,2016-11-24 20:18:05.920000,2016-11-24 20:20:34.997000
14360,2016-11-24 20:33:36.947000,2016-11-24 20:36:06.867000
14361,2016-11-24 20:46:48.873000,2016-11-24 20:53:25.897000
14362,2016-11-24 20:54:35.800000,2016-11-24 20:58:04.840000
14363,2016-11-24 21:03:07.763000,2016-11-24 21:06:57.760000
14364,2016-11-24 21:09:48.783000,2016-11-24 21:18:23.720000
14365,2016-11-24 21:19:06.750000,2016-11-24 21:48:04.737000
14366,2016-11-24 21:48:25.630000,2016-11-24 21:51:19.650000
14367,2016-11-24 21:51:30.637000,2016-11-24 21:53:33.783000
14368,2016-11-24 21:53:35.603000,2016-11-24 22:01:10.570000
14369,2016-11-24 22:01:38.587000,2016-11-24 22:04:01.570000
14370,2016-11-24 22:05:38.563000,2016-11-24 22:45:14.443000
14371,2016-11-24 22:47:20.410000,2016-11-24 22:51:22.540000
14372,2016-11-24 22:51:32.397000,2016-11-24 23:00:29.380000
14373,2016-11-24 23:05:00.430000,2016-11-24 23:16:47.317000
14374,2016-11-24 23:17:14.343000,2016-11-24 23:19:35.380000
14375,2016-11-24 23:49:26.210000,2016-11-24 23:53:37.230000
14376,2016-11-25 00:25:16.070000,2016-11-25 00:28:58.063000
14377,2016-11-25 00:45:56.007000,2016-11-25 00:49:53.990000
14378,2016-11-25 00:53:06.010000,2016-11-25 01:01:48.260000
14379,2016-11-25 01:01:48.260000,2016-11-25 01:11:24.070000
14380,2016-11-25 01:59:20.560000,2016-11-25 02:01:35.173000
14381,2016-11-25 02:19:31.013000,2016-11-25 02:23:22.990000
14382,2016-11-25 03:04:31.037000,2016-11-25 03:06:54.060000
14383,2016-11-25 03:07:35.043000,2016-11-25 03:14:46.070000
14384,2016-11-25 04:00:10.173000,2016-11-25 04:10:08.197000
14385,2016-11-25 04:10:33.203000,2016-11-25 04:17:34.230000
14386,2016-11-25 04:18:08.223000,2016-11-25 04:23:41.340000
14387,2016-11-25 04:34:14.483000,2016-11-25 04:39:40.387000
14388,2016-11-25 04:42:12.297000,2016-11-25 04:47:11.310000
14389,2016-11-25 06:28:45.560000,2016-11-25 06:30:53.573000
14390,2016-11-25 07:45:56.760000,2016-11-25 07:48:10.877000
14391,2016-11-25 07:48:19.830000,2016-11-25 07:53:02.757000
14392,2016-11-25 08:36:48.863000,2016-11-25 08:56:50.750000
14393,2016-11-25 08:56:50.750000,2016-11-25 09:15:26.967000
14394,2016-11-25 15:50:24.873000,2016-11-25 15:52:53.907000
14395,2016-11-25 15:56:40.943000,2016-11-25 16:00:35.230000
14396,2016-11-25 16:19:43.687000,2016-11-25 16:23:11.170000
14397,2016-11-25 16:26:51.990000,2016-11-25 16:30:33.027000
14398,2016-11-25 16:35:56.103000,2016-11-25 16:40:30.173000
14399,2016-11-25 16:41:27.017000,2016-11-25 16:46:14.113000
14400,2016-11-25 16:59:03.067000,2016-11-25 17:03:11.243000
14401,2016-11-25 17:06:00.093000,2016-11-25 17:08:02.140000
14402,2016-11-25 17:43:01.197000,2016-11-25 17:45:57.193000
14403,2016-11-25 17:49:47.197000,2016-11-25 17:52:26.203000
14404,2016-11-25 17:52:41.210000,2016-11-25 17:59:02.230000
14405,2016-11-25 18:01:51.230000,2016-11-25 18:04:54.247000
14406,2016-11-25 18:08:07.330000,2016-11-25 18:11:04.263000
14407,2016-11-25 18:22:36.333000,2016-11-25 18:34:57.367000
14408,2016-11-25 18:36:00.347000,2016-11-25 18:44:54.343000
14409,2016-11-25 19:11:00.440000,2016-11-25 19:13:49.490000
14410,2016-11-25 19:15:04.570000,2016-11-25 19:18:10.490000
14411,2016-11-25 19:27:03.443000,2016-11-25 19:39:32.490000
14412,2016-11-25 19:55:41.647000,2016-11-25 19:58:22.527000
14413,2016-11-25 20:06:07.557000,2016-11-25 20:14:58.883000
14414,2016-11-25 20:15:38.853000,2016-11-25 20:18:25.770000
14415,2016-11-25 22:02:16.303000,2016-11-25 22:06:35.283000
14416,2016-11-25 23:23:46.010000,2016-11-25 23:28:28.013000
14417,2016-11-26 01:57:05.490000,2016-11-26 02:00:13.507000
14418,2016-11-26 02:30:32.590000,2016-11-26 02:34:00.360000
14419,2016-11-26 04:10:11.037000,2016-11-26 04:18:45
14420,2016-11-26 04:22:33,2016-11-26 04:26:15.977000
14421,2016-11-26 04:33:31.953000,2016-11-26 04:46:17.913000
14422,2016-11-26 04:50:46.903000,2016-11-26 04:58:13.867000
14423,2016-11-26 05:00:30.857000,2016-11-26 05:02:46.853000
14424,2016-11-26 05:03:49.933000,2016-11-26 05:05:59.847000
14425,2016-11-26 05:08:07.837000,2016-11-26 05:11:21.837000
14426,2016-11-26 05:15:15.910000,2016-11-26 05:25:10.673000
14427,2016-11-26 05:34:57,2016-11-26 05:37:43.910000
14428,2016-11-26 05:47:46.123000,2016-11-26 06:00:16.977000
14429,2016-11-26 06:05:06.973000,2016-11-26 06:07:32.983000
14430,2016-11-26 06:09:54.107000,2016-11-26 06:15:59.013000
14431,2016-11-26 06:17:42.007000,2016-11-26 06:21:31.050000
14432,2016-11-26 06:21:51.030000,2016-11-26 06:25:00.030000
14433,2016-11-26 06:33:39.070000,2016-11-26 06:53:10.110000
14434,2016-11-26 06:54:16.100000,2016-11-26 06:57:49.117000
14435,2016-11-26 06:58:51.110000,2016-11-26 07:06:10.137000
14436,2016-11-26 07:11:37.197000,2016-11-26 07:16:50.173000
14437,2016-11-26 07:30:10.243000,2016-11-26 07:33:14.330000
14438,2016-11-26 07:40:58.247000,2016-11-26 07:43:33.277000
14439,2016-11-26 07:49:28.247000,2016-11-26 07:52:06.340000
14440,2016-11-26 07:57:25.270000,2016-11-26 08:00:13.283000
14441,2016-11-26 08:12:15.903000,2016-11-26 08:15:02.310000
14442,2016-11-26 08:23:34.353000,2016-11-26 08:25:56.380000
14443,2016-11-26 08:28:34.340000,2016-11-26 08:38:25.380000
14444,2016-11-26 08:46:19.397000,2016-11-26 08:49:42.410000
14445,2016-11-26 09:10:27.453000,2016-11-26 09:16:17.530000
14446,2016-11-26 09:17:42.480000,2016-11-26 09:20:03.633000
14447,2016-11-26 09:21:12.563000,2016-11-26 09:23:48.497000
14448,2016-11-26 09:29:09.510000,2016-11-26 09:31:37.517000
14449,2016-11-26 09:32:02.507000,2016-11-26 09:34:31.527000
14450,2016-11-26 10:02:54.667000,2016-11-26 10:07:13.607000
14451,2016-11-26 10:08:30.607000,2016-11-26 10:13:36.693000
14452,2016-11-26 10:45:22.787000,2016-11-26 10:48:06.717000
14453,2016-11-26 10:50:47.713000,2016-11-26 10:53:00.730000
14454,2016-11-26 10:54:27.737000,2016-11-26 11:05:34.793000
14455,2016-11-26 11:21:49.790000,2016-11-26 11:24:10.820000
14456,2016-11-26 11:25:45.800000,2016-11-26 11:29:20.810000
14457,2016-11-26 11:33:10.827000,2016-11-26 11:35:20.830000
14458,2016-11-26 11:38:54.863000,2016-11-26 11:42:53.890000
14459,2016-11-26 11:53:08.877000,2016-11-26 11:55:57.053000
14460,2016-11-26 11:56:58.893000,2016-11-26 12:01:59.893000
14461,2016-11-26 12:13:13.380000,2016-11-26 12:16:11.927000
14462,2016-11-26 12:54:04.037000,2016-11-26 14:00:48.210000
14463,2016-11-26 14:21:15.313000,2016-11-26 14:24:06.960000
14464,2016-11-26 14:44:20.280000,2016-11-26 14:46:43.280000
14465,2016-11-26 14:47:41.263000,2016-11-26 14:51:11.357000
14466,2016-11-26 14:54:12.247000,2016-11-26 14:57:40.273000
14467,2016-11-26 15:03:53.250000,2016-11-26 15:07:28.260000
14468,2016-11-26 15:09:02.273000,2016-11-26 15:09:10.247000
14469,2016-11-26 15:09:13.240000,2016-11-26 15:47:10.330000
14470,2016-11-26 15:47:10.330000,2016-11-26 16:09:11.523000
14471,2016-11-26 16:09:11.523000,2016-11-26 16:56:05.540000
14472,2016-11-26 16:57:25.540000,2016-11-26 17:08:30.627000
14473,2016-11-26 17:10:31.607000,2016-11-26 17:26:25.697000
14474,2016-11-26 17:29:41.633000,2016-11-26 17:32:04.643000
14475,2016-11-26 17:36:18.680000,2016-11-26 17:40:57.693000
14476,2016-11-26 17:41:11.730000,2016-11-26 17:43:13.693000
14477,2016-11-26 17:44:08.713000,2016-11-26 17:55:37.730000
14478,2016-11-26 17:57:13.700000,2016-11-26 18:04:48.720000
14479,2016-11-26 18:06:21.770000,2016-11-26 18:12:40.823000
14480,2016-11-26 18:14:44.790000,2016-11-26 18:17:35.780000
14481,2016-11-26 18:18:27.780000,2016-11-26 19:11:40.887000
14482,2016-11-26 19:13:08.890000,2016-11-26 19:16:52.980000
14483,2016-11-26 19:17:44.990000,2016-11-26 19:22:25.923000
14484,2016-11-26 19:26:43.930000,2016-11-26 19:29:12.003000
14485,2016-11-26 19:29:45.983000,2016-11-26 19:34:07.963000
14486,2016-11-26 19:36:14.003000,2016-11-26 19:45:32.053000
14487,2016-11-26 19:47:54.987000,2016-11-26 19:51:58.993000
14488,2016-11-26 19:52:04.067000,2016-11-26 20:01:11.370000
14489,2016-11-26 20:14:59.563000,2016-11-26 20:35:31.173000
14490,2016-11-26 20:36:29.130000,2016-11-26 20:57:01.183000
14491,2016-11-26 20:58:41.213000,2016-11-26 21:46:52.287000
14492,2016-11-26 21:52:06.490000,2016-11-26 21:54:59.317000
14493,2016-11-26 22:01:18.343000,2016-11-26 22:16:03.360000
14494,2016-11-26 22:22:23.380000,2016-11-26 22:27:24.400000
14495,2016-11-26 22:30:41.407000,2016-11-26 22:35:31.420000
14496,2016-11-26 22:35:39.410000,2016-11-26 22:39:24.427000
14497,2016-11-26 22:45:22.453000,2016-11-26 22:53:39.553000
14498,2016-11-26 22:57:50.477000,2016-11-26 23:06:08.493000
14499,2016-11-26 23:16:45.570000,2016-11-26 23:28:59.390000
14500,2016-11-26 23:30:17.187000,2016-11-26 23:38:46.680000
14501,2016-11-26 23:50:49.640000,2016-11-26 23:59:11.567000
14502,2016-11-27 00:12:59.437000,2016-11-27 00:42:27.500000
14503,2016-11-27 00:45:59.423000,2016-11-27 01:03:11.457000
14504,2016-11-27 01:06:04.333000,2016-11-27 01:09:28.350000
14505,2016-11-27 01:12:11.410000,2016-11-27 01:20:51.333000
14506,2016-11-27 01:25:05.300000,2016-11-27 01:27:22.360000
14507,2016-11-27 01:34:29.290000,2016-11-27 01:38:05.223000
14508,2016-11-27 01:40:29.217000,2016-11-27 01:43:01.243000
14509,2016-11-27 01:47:41.190000,2016-11-27 02:03:00.247000
14510,2016-11-27 02:10:58.150000,2016-11-27 02:25:54.073000
14511,2016-11-27 02:35:00.067000,2016-11-27 02:43:21.013000
14512,2016-11-27 02:44:44.993000,2016-11-27 02:50:29.070000
14513,2016-11-27 02:55:20.960000,2016-11-27 02:57:28.967000
14514,2016-11-27 03:01:57.960000,2016-11-27 03:04:06.997000
14515,2016-11-27 03:16:53.887000,2016-11-27 03:25:28.917000
14516,2016-11-27 03:31:55.830000,2016-11-27 03:48:44.773000
14517,2016-11-27 03:49:53.860000,2016-11-27 03:54:26.760000
14518,2016-11-27 03:56:35.760000,2016-11-27 04:02:36.730000
14519,2016-11-27 04:03:43.763000,2016-11-27 04:22:01.660000
14520,2016-11-27 04:22:51.697000,2016-11-27 04:46:23.613000
14521,2016-11-27 04:49:31.573000,2016-11-27 04:53:11.567000
14522,2016-11-27 04:59:19.540000,2016-11-27 05:01:21.527000
14523,2016-11-27 05:15:58.480000,2016-11-27 05:57:34.340000
14524,2016-11-27 06:04:50.390000,2016-11-27 06:09:16.350000
14525,2016-11-27 06:10:25.370000,2016-11-27 07:36:17
14526,2016-11-27 07:41:49.980000,2016-11-27 07:45:52.017000
14527,2016-11-27 07:51:50.940000,2016-11-27 09:00:57.930000
14528,2016-11-27 09:01:23.920000,2016-11-27 09:03:27.040000
14529,2016-11-27 09:04:47.030000,2016-11-27 09:19:39.043000
14530,2016-11-27 09:21:06.960000,2016-11-27 09:25:02.983000
14531,2016-11-27 09:25:24,2016-11-27 09:36:32.103000
14532,2016-11-27 09:36:38.197000,2016-11-27 09:43:25.057000
14533,2016-11-27 09:43:49.077000,2016-11-27 09:47:08.037000
14534,2016-11-27 09:48:22.117000,2016-11-27 10:43:34.180000
14535,2016-11-27 10:45:54.193000,2016-11-27 10:50:38.197000
14536,2016-11-27 10:56:21.233000,2016-11-27 11:04:03.227000
14537,2016-11-27 11:08:43.243000,2016-11-27 11:17:43.270000
14538,2016-11-27 11:19:31.267000,2016-11-27 11:24:50.290000
14539,2016-11-27 11:26:02.283000,2016-11-27 11:28:22.293000
14540,2016-11-27 11:28:33.390000,2016-11-27 11:31:26.297000
14541,2016-11-27 11:33:03.300000,2016-11-27 11:41:58.337000
14542,2016-11-27 11:43:11.437000,2016-11-27 12:28:11.493000
14543,2016-11-27 12:29:01.447000,2016-11-27 12:36:01.483000
14544,2016-11-27 12:42:30.547000,2016-11-27 13:01:12.560000
14545,2016-11-27 13:05:06.547000,2016-11-27 13:10:28.567000
14546,2016-11-27 13:15:14.603000,2016-11-27 13:21:36.577000
14547,2016-11-27 13:28:50.607000,2016-11-27 13:43:33.640000
14548,2016-11-27 13:49:11.657000,2016-11-27 14:04:18.690000
14549,2016-11-27 14:06:39.777000,2016-11-27 14:11:12.723000
14550,2016-11-27 14:13:08.723000,2016-11-27 14:21:36.743000
14551,2016-11-27 14:21:48.730000,2016-11-27 14:38:23.797000
14552,2016-11-27 14:39:07.777000,2016-11-27 14:41:13.783000
14553,2016-11-27 14:43:09.790000,2016-11-27 14:58:40.827000
14554,2016-11-27 15:00:03.843000,2016-11-27 15:02:37.890000
14555,2016-11-27 15:03:14.907000,2016-11-27 15:05:27.930000
14556,2016-11-27 15:08:39.893000,2016-11-27 15:10:53.940000
14557,2016-11-27 15:12:56.877000,2016-11-27 15:28:27.913000
14558,2016-11-27 15:28:56.910000,2016-11-27 15:33:32.927000
14559,2016-11-27 15:35:04.917000,2016-11-27 16:29:40.133000
14560,2016-11-27 16:29:54.060000,2016-11-27 16:32:48.073000
14561,2016-11-27 16:33:46.080000,2016-11-27 16:46:13.117000
14562,2016-11-27 16:48:02.173000,2016-11-27 16:53:07.133000
14563,2016-11-27 16:57:39.133000,2016-11-27 17:04:27.200000
14564,2016-11-27 17:04:56.160000,2016-11-27 17:07:04.163000
14565,2016-11-27 17:15:10.300000,2016-11-27 17:18:08.200000
14566,2016-11-27 17:21:49.207000,2016-11-27 17:24:34.320000
14567,2016-11-27 17:25:48.230000,2016-11-27 17:28:25.217000
14568,2016-11-27 17:28:50.283000,2016-11-27 17:41:37.077000
14569,2016-11-27 17:45:56.583000,2016-11-27 17:49:10.450000
14570,2016-11-27 17:50:45.380000,2016-11-27 18:03:17.300000
14571,2016-11-27 18:05:18.300000,2016-11-27 18:07:22.323000
14572,2016-11-27 18:07:27.290000,2016-11-27 18:12:52.270000
14573,2016-11-27 18:14:37.263000,2016-11-27 19:03:47.390000
14574,2016-11-27 19:03:49.400000,2016-11-27 19:11:44.473000
14575,2016-11-27 19:12:18.477000,2016-11-27 19:17:16.413000
14576,2016-11-27 19:18:15.427000,2016-11-27 19:25:13.437000
14577,2016-11-27 19:26:20.543000,2016-11-27 19:26:41.417000
14578,2016-11-27 19:40:01.450000,2016-11-27 20:00:54.427000
14579,2016-11-27 20:10:59.087000,2016-11-27 20:42:36.420000
14580,2016-11-27 20:42:36.420000,2016-11-27 22:37:37.390000
14581,2016-11-27 22:37:37.390000,2016-11-27 22:37:53.903000
14582,2016-11-28 09:22:50.307000,2016-11-28 10:36:43.080000
14583,2016-11-28 10:38:22.073000,2016-11-28 10:46:51.047000
14584,2016-11-28 10:57:33.027000,2016-11-28 11:00:16
14585,2016-11-28 11:03:59.987000,2016-11-28 11:06:59.083000
14586,2016-11-28 11:07:13.977000,2016-11-28 11:10:53.957000
14587,2016-11-28 11:14:39.960000,2016-11-28 11:16:53.947000
14588,2016-11-28 11:17:22.940000,2016-11-28 11:21:44.953000
14589,2016-11-28 11:24:46.923000,2016-11-28 11:27:35.910000
14590,2016-11-28 11:28:10.900000,2016-11-28 11:34:35.890000
14591,2016-11-28 11:48:51.830000,2016-11-28 11:55:27.760000
14592,2016-11-28 12:05:50.777000,2016-11-28 12:11:06.867000
14593,2016-11-28 12:20:52.913000,2016-11-28 12:30:25.940000
14594,2016-11-28 12:35:51.947000,2016-11-28 12:41:06.960000
14595,2016-11-28 12:42:20.963000,2016-11-28 12:44:36.087000
14596,2016-11-28 12:47:24.983000,2016-11-28 12:50:03.060000
14597,2016-11-28 13:05:40.110000,2016-11-28 13:09:10.053000
14598,2016-11-28 13:42:11.110000,2016-11-28 13:45:06.120000
14599,2016-11-28 14:03:43.267000,2016-11-28 14:06:38.173000
14600,2016-11-28 14:10:42.207000,2016-11-28 14:13:20.190000
14601,2016-11-28 14:14:39.227000,2016-11-28 14:17:57.213000
14602,2016-11-28 15:03:32.330000,2016-11-28 15:06:02.327000
14603,2016-11-28 15:41:33.420000,2016-11-28 15:45:41.520000
14604,2016-11-28 15:46:17.457000,2016-11-28 15:49:28.497000
14605,2016-11-28 15:49:37.530000,2016-11-28 15:56:04.460000
14606,2016-11-28 16:20:08.533000,2016-11-28 16:26:32.680000
14607,2016-11-28 16:32:00.550000,2016-11-28 16:34:47.560000
14608,2016-11-28 17:07:42.640000,2016-11-28 17:09:47.700000
14609,2016-11-28 20:43:33.200000,2016-11-28 20:46:14.247000
14610,2016-11-28 21:19:20.287000,2016-11-28 21:21:43.287000
14611,2016-11-28 21:32:23.390000,2016-11-28 21:35:01.257000
14612,2016-11-28 21:59:57.310000,2016-11-28 22:02:02.410000
14613,2016-11-28 22:02:04.313000,2016-11-28 22:04:47.327000
14614,2016-11-28 22:06:27.327000,2016-11-28 22:10:11.430000
14615,2016-11-28 22:10:11.430000,2016-11-28 22:24:25.343000
14616,2016-11-28 22:24:31.350000,2016-11-29 00:00:20.213000
14617,2016-11-29 00:15:30.760000,2016-11-29 00:53:01.757000
14618,2016-11-29 00:57:27.773000,2016-11-29 01:08:26.807000
14619,2016-11-29 01:08:48.813000,2016-11-29 01:11:37.893000
14620,2016-11-29 01:12:42.817000,2016-11-29 01:15:21.830000
14621,2016-11-29 01:15:40.887000,2016-11-29 01:17:49.870000
14622,2016-11-29 01:29:32.003000,2016-11-29 01:33:23.870000
14623,2016-11-29 01:36:37.863000,2016-11-29 01:42:07.887000
14624,2016-11-29 01:44:32.890000,2016-11-29 01:48:23.960000
14625,2016-11-29 01:49:31.910000,2016-11-29 01:55:45
14626,2016-11-29 02:00:28.933000,2016-11-29 02:05:47.947000
14627,2016-11-29 02:19:02.973000,2016-11-29 02:22:12.010000
14628,2016-11-29 03:26:48.157000,2016-11-29 03:29:30.207000
14629,2016-11-29 03:30:02.237000,2016-11-29 03:32:34.170000
14630,2016-11-29 03:33:48.180000,2016-11-29 03:36:28.260000
14631,2016-11-29 03:43:37.203000,2016-11-29 03:47:08.300000
14632,2016-11-29 04:15:42.277000,2016-11-29 04:19:32.293000
14633,2016-11-29 04:20:43.290000,2016-11-29 04:22:48.423000
14634,2016-11-29 04:28:21.310000,2016-11-29 04:34:45.330000
14635,2016-11-29 04:37:31.337000,2016-11-29 04:39:31.340000
14636,2016-11-29 04:42:45.487000,2016-11-29 04:46:20.357000
14637,2016-11-29 04:49:03.370000,2016-11-29 04:56:54.567000
14638,2016-11-29 04:57:19.383000,2016-11-29 05:00:14.440000
14639,2016-11-29 05:24:31.533000,2016-11-29 05:27:56.463000
14640,2016-11-29 05:30:23.467000,2016-11-29 05:33:00.513000
14641,2016-11-29 06:18:42.640000,2016-11-29 06:22:54.620000
14642,2016-11-29 06:44:29.547000,2016-11-29 06:46:51.730000
14643,2016-11-29 07:30:45.560000,2016-11-29 07:36:09.373000
14644,2016-11-29 07:49:03.330000,2016-11-29 07:51:36.353000
14645,2016-11-29 08:29:31.367000,2016-11-29 08:34:27.170000
14646,2016-11-29 10:23:39.817000,2016-11-29 10:25:55.800000
14647,2016-11-29 10:28:51.783000,2016-11-29 10:30:52.803000
14648,2016-11-29 10:50:28.770000,2016-11-29 10:52:31.710000
14649,2016-11-29 11:41:54.523000,2016-11-29 11:44:00.543000
14650,2016-11-29 12:49:06.397000,2016-11-29 12:52:01.257000
14651,2016-11-29 15:04:18.807000,2016-11-29 15:06:33.830000
14652,2016-11-29 15:12:15.287000,2016-11-29 15:14:16.833000
14653,2016-11-29 16:23:10.943000,2016-11-29 16:25:36.047000
14654,2016-11-29 16:47:08.107000,2016-11-29 16:49:24.113000
14655,2016-11-29 17:19:56.223000,2016-11-29 17:23:05.197000
14656,2016-11-29 17:58:46.280000,2016-11-29 18:01:13.290000
14657,2016-11-29 19:06:37.520000,2016-11-29 19:10:16.743000
14658,2016-11-29 19:29:23.600000,2016-11-29 19:33:05.540000
14659,2016-11-29 19:40:19.550000,2016-11-29 19:43:50.590000
14660,2016-11-29 20:19:57.643000,2016-11-29 20:22:24.697000
14661,2016-11-29 21:11:33.813000,2016-11-29 21:18:19.797000
14662,2016-11-29 21:24:55.820000,2016-11-29 21:27:23.867000
14663,2016-11-29 21:39:35.930000,2016-11-29 21:46:02.917000
14664,2016-11-29 21:53:09.940000,2016-11-29 21:58:43.947000
14665,2016-11-29 21:59:33.910000,2016-11-29 22:03:10.043000
14666,2016-11-29 22:56:05.077000,2016-11-29 22:58:11.060000
14667,2016-11-29 22:58:23.083000,2016-11-29 23:03:33.047000
14668,2016-11-29 23:03:36.033000,2016-11-29 23:32:36.530000
14669,2016-11-29 23:32:36.530000,2016-11-30 00:00:32.763000
14670,2016-11-30 00:16:22.297000,2016-11-30 00:44:54.323000
14671,2016-11-30 00:57:35.277000,2016-11-30 00:59:40.357000
14672,2016-11-30 01:00:05.277000,2016-11-30 01:03:40.290000
14673,2016-11-30 01:08:07.330000,2016-11-30 01:10:52.413000
14674,2016-11-30 01:25:14.420000,2016-11-30 01:30:26.400000
14675,2016-11-30 01:44:51.407000,2016-11-30 01:47:14.403000
14676,2016-11-30 02:17:33.480000,2016-11-30 02:20:01.487000
14677,2016-11-30 02:24:29.503000,2016-11-30 02:26:46.510000
14678,2016-11-30 03:28:32.743000,2016-11-30 03:33:50.657000
14679,2016-11-30 03:34:11.657000,2016-11-30 03:40:42.787000
14680,2016-11-30 04:09:36.820000,2016-11-30 04:12:56.790000
14681,2016-11-30 04:24:38.920000,2016-11-30 04:27:49.830000
14682,2016-11-30 04:38:32.840000,2016-11-30 04:40:45.983000
14683,2016-11-30 05:19:03.960000,2016-11-30 05:21:07.953000
14684,2016-11-30 05:50:21.030000,2016-11-30 05:52:59.127000
14685,2016-11-30 06:02:50.070000,2016-11-30 06:05:01.067000
14686,2016-11-30 07:56:35.403000,2016-11-30 07:59:27.380000
14687,2016-11-30 08:28:07.430000,2016-11-30 08:32:59.447000
14688,2016-11-30 08:35:57.480000,2016-11-30 08:38:04.460000
14689,2016-11-30 09:54:40.607000,2016-11-30 09:56:48.620000
14690,2016-11-30 10:29:18.583000,2016-11-30 10:32:17.453000
14691,2016-11-30 12:18:25.087000,2016-11-30 12:20:39.103000
14692,2016-11-30 16:21:25.250000,2016-11-30 16:26:26.267000
14693,2016-11-30 17:20:11.113000,2016-11-30 17:29:54.080000
14694,2016-11-30 17:31:09.063000,2016-11-30 18:01:03.893000
14695,2016-11-30 18:01:12.900000,2016-11-30 18:22:33.853000
14696,2016-11-30 18:25:06.850000,2016-11-30 18:25:22.810000
14697,2016-11-30 19:01:13.960000,2016-11-30 19:03:21.997000
14698,2016-11-30 19:45:47.267000,2016-11-30 19:56:09.200000
14699,2016-11-30 20:22:21.197000,2016-11-30 20:27:24.210000
14700,2016-11-30 20:32:42.380000,2016-11-30 20:35:45.227000
14701,2016-11-30 21:48:26.430000,2016-11-30 21:50:27.420000
14702,2016-11-30 22:48:48.587000,2016-11-30 22:54:25.583000
14703,2016-11-30 23:09:38.617000,2016-11-30 23:12:09.633000
14704,2016-11-30 23:51:39.900000,2016-11-30 23:53:58.740000
14705,2016-12-01 00:51:26.907000,2016-12-01 00:53:34.897000
14706,2016-12-01 02:08:41.113000,2016-12-01 02:12:54.187000
14707,2016-12-01 03:10:39.313000,2016-12-01 03:13:38.257000
14708,2016-12-01 03:36:10.163000,2016-12-01 03:49:02.377000
14709,2016-12-01 03:50:58.353000,2016-12-01 03:53:25.467000
14710,2016-12-01 03:58:42.390000,2016-12-01 04:00:47.323000
14711,2016-12-01 04:01:41.307000,2016-12-01 04:04:02.400000
14712,2016-12-01 04:16:13.360000,2016-12-01 04:29:10.467000
14713,2016-12-01 04:49:11.570000,2016-12-01 04:52:03.403000
14714,2016-12-01 05:32:39.500000,2016-12-01 05:36:33.620000
14715,2016-12-01 06:10:48.793000,2016-12-01 06:15:14.613000
14716,2016-12-01 07:03:47.743000,2016-12-01 07:06:45.750000
14717,2016-12-01 08:25:13.063000,2016-12-01 08:27:36.037000
14718,2016-12-01 08:59:24.023000,2016-12-01 09:05:15.020000
14719,2016-12-01 09:37:46.097000,2016-12-01 10:57:33.533000
14720,2016-12-01 10:57:33.533000,2016-12-01 10:57:53.300000
14721,2016-12-01 14:35:48.307000,2016-12-01 14:38:05.330000
14722,2016-12-01 14:44:54.390000,2016-12-01 14:48:16.280000
14723,2016-12-01 16:40:05.953000,2016-12-01 16:42:42.993000
14724,2016-12-01 17:19:42.793000,2016-12-01 17:23:06.837000
14725,2016-12-01 17:39:04.697000,2016-12-01 17:43:11.703000
14726,2016-12-01 17:58:26.670000,2016-12-01 18:00:29.680000
14727,2016-12-01 18:45:19.550000,2016-12-01 18:54:18.457000
14728,2016-12-01 19:01:39.480000,2016-12-01 19:09:33.420000
14729,2016-12-01 20:05:44.197000,2016-12-01 20:08:56.240000
14730,2016-12-01 20:13:21.193000,2016-12-01 20:16:20.160000
14731,2016-12-01 20:58:18.070000,2016-12-01 21:01:41.080000
14732,2016-12-01 21:03:17.003000,2016-12-01 21:05:55.990000
14733,2016-12-01 21:28:24.917000,2016-12-01 21:30:25.937000
14734,2016-12-01 21:31:06.910000,2016-12-01 21:39:32.020000
14735,2016-12-01 21:53:24.440000,2016-12-01 21:56:28.623000
14736,2016-12-01 22:00:03.910000,2016-12-01 22:32:16.007000
14737,2016-12-01 22:32:16.007000,2016-12-01 22:48:22.057000
14738,2016-12-01 23:06:29.130000,2016-12-01 23:12:44.110000
14739,2016-12-02 00:33:06.407000,2016-12-02 00:36:06.453000
14740,2016-12-02 00:36:33.330000,2016-12-02 01:00:26.213000
14741,2016-12-02 01:00:26.213000,2016-12-02 02:00:26.540000
14742,2016-12-02 02:28:15.623000,2016-12-02 02:33:49.650000
14743,2016-12-02 02:36:26.710000,2016-12-02 02:58:10.700000
14744,2016-12-02 03:09:23.727000,2016-12-02 03:11:35.730000
14745,2016-12-02 03:21:09.750000,2016-12-02 03:23:56.760000
14746,2016-12-02 03:25:03.853000,2016-12-02 03:27:03.780000
14747,2016-12-02 03:45:43.803000,2016-12-02 03:54:28.863000
14748,2016-12-02 04:00:19.913000,2016-12-02 04:14:42.937000
14749,2016-12-02 04:24:34.963000,2016-12-02 04:34:23.980000
14750,2016-12-02 04:37:50.950000,2016-12-02 04:39:51.950000
14751,2016-12-02 04:43:23.013000,2016-12-02 04:48:36.063000
14752,2016-12-02 05:02:00.047000,2016-12-02 05:06:02.023000
14753,2016-12-02 05:39:13.110000,2016-12-02 05:45:18.120000
14754,2016-12-02 06:02:20.200000,2016-12-02 06:05:24.180000
14755,2016-12-02 06:05:40.427000,2016-12-02 06:08:59.243000
14756,2016-12-02 06:14:32.230000,2016-12-02 06:17:19.210000
14757,2016-12-02 06:17:34.200000,2016-12-02 06:23:56.230000
14758,2016-12-02 06:24:19.403000,2016-12-02 06:34:37.257000
14759,2016-12-02 06:35:08.267000,2016-12-02 06:40:15.370000
14760,2016-12-02 06:40:24.273000,2016-12-02 06:42:48.273000
14761,2016-12-02 06:43:12.260000,2016-12-02 06:46:08.277000
14762,2016-12-02 06:55:15.130000,2016-12-02 07:12:12.363000
14763,2016-12-02 07:16:34.350000,2016-12-02 07:18:57.417000
14764,2016-12-02 07:19:03.350000,2016-12-02 07:24:05.423000
14765,2016-12-02 07:43:42.450000,2016-12-02 07:45:58.397000
14766,2016-12-02 08:38:48.597000,2016-12-02 08:50:15.567000
14767,2016-12-02 08:57:44.573000,2016-12-02 08:59:51.573000
14768,2016-12-02 09:05:55.587000,2016-12-02 09:08:18.600000
14769,2016-12-02 09:17:28.617000,2016-12-02 09:19:39.617000
14770,2016-12-02 09:24:19.633000,2016-12-02 09:34:51.653000
14771,2016-12-02 09:48:42.703000,2016-12-02 09:51:19.700000
14772,2016-12-02 10:03:54.723000,2016-12-02 10:06:45.747000
14773,2016-12-02 10:32:21.887000,2016-12-02 10:35:24.917000
14774,2016-12-02 10:37:28.823000,2016-12-02 10:40:30.857000
14775,2016-12-02 11:00:37.880000,2016-12-02 11:05:41.990000
14776,2016-12-02 11:08:00.900000,2016-12-02 11:13:08.470000
14777,2016-12-02 11:32:15.063000,2016-12-02 11:39:30.050000
14778,2016-12-02 13:44:11.473000,2016-12-02 13:53:03.480000
14779,2016-12-02 14:13:22.380000,2016-12-02 14:15:44.383000
14780,2016-12-02 14:30:15.527000,2016-12-02 14:33:38.547000
14781,2016-12-02 14:33:50.443000,2016-12-02 14:44:09.470000
14782,2016-12-02 14:50:15.530000,2016-12-02 14:54:18.477000
14783,2016-12-02 15:30:00.587000,2016-12-02 15:51:28.637000
14784,2016-12-02 15:52:44.623000,2016-12-02 15:58:05.853000
14785,2016-12-02 16:28:34.650000,2016-12-02 16:33:48.627000
14786,2016-12-02 17:16:57.490000,2016-12-02 17:19:12.507000
14787,2016-12-02 17:57:05.400000,2016-12-02 18:00:25.367000
14788,2016-12-02 18:09:07.370000,2016-12-02 18:11:32.437000
14789,2016-12-02 19:09:26.213000,2016-12-02 19:11:27.120000
14790,2016-12-02 19:52:43.987000,2016-12-02 19:59:39.953000
14791,2016-12-02 20:08:45.927000,2016-12-02 20:11:21.947000
14792,2016-12-02 20:23:33.953000,2016-12-02 20:25:41.870000
14793,2016-12-02 20:28:26.890000,2016-12-02 20:32:30.837000
14794,2016-12-02 20:59:23.747000,2016-12-02 21:10:41.710000
14795,2016-12-02 21:16:14.683000,2016-12-02 21:19:36.703000
14796,2016-12-02 21:35:10.620000,2016-12-02 21:39:52.610000
14797,2016-12-02 22:12:07.517000,2016-12-02 22:29:58.437000
14798,2016-12-02 22:47:43.460000,2016-12-02 22:51:13.370000
14799,2016-12-02 23:10:25.297000,2016-12-02 23:13:19.300000
14800,2016-12-02 23:17:25.460000,2016-12-02 23:21:57.260000
14801,2016-12-02 23:22:11.250000,2016-12-02 23:28:43.233000
14802,2016-12-02 23:33:52.287000,2016-12-02 23:40:12.213000
