ID,Duration,Start,End,Quantity,Product,Power
1,40.21,2016-01-23 17:03:58.780,2016-01-25 09:16:48.130,4500.0,042939EU,3.45
2,14.7,2016-01-25 09:16:52.750,2016-01-25 23:59:02.637,1500.0,044042EU,4.38
3,10.89,2016-01-26 01:05:11.020,2016-01-26 11:58:50.597,1948.0,044046EU,3.96
4,18.67,2016-01-26 07:25:07.003,2016-01-27 02:05:35.357,3200.0,041137EU,3.65
5,20.66,2016-01-27 02:34:14.997,2016-01-27 23:13:50.813,3000.0,044042EU,4.43
6,26.36,2016-01-28 09:27:11.263,2016-01-29 11:48:38.130,2300.0,042939EU,3.61
7,13.9,2016-01-29 11:49:59.253,2016-01-30 01:44:09.970,1800.0,043932EU,4.0
8,9.34,2016-01-30 01:47:52.973,2016-01-30 11:08:14.570,1800.0,042932EU,3.32
9,45.75,2016-01-30 11:08:18.040,2016-02-01 08:53:32.630,5400.0,042943EU,4.37
10,8.44,2016-02-01 09:10:56.870,2016-02-01 17:37:17.523,392.0,042943EU,4.05
11,40.65,2016-02-01 17:37:24.700,2016-02-03 10:16:35.220,4500.0,044042EU,3.46
12,6.85,2016-02-03 10:22:00.507,2016-02-03 17:13:15.997,1500.0,044046EU,3.58
13,17.35,2016-02-04 00:21:58.120,2016-02-04 17:43:00.880,1800.0,028138EU,3.45
14,17.5,2016-02-04 17:43:05.137,2016-02-05 11:13:02.780,2300.0,044046EU,3.68
15,9.61,2016-02-05 11:40:23.793,2016-02-05 21:16:51.633,1500.0,037732CH,4.04
16,11.5,2016-02-05 21:22:47.480,2016-02-06 08:52:45.923,2400.0,023732CH,3.4
17,28.01,2016-02-06 09:23:00.913,2016-02-07 13:23:54.503,5700.0,044046EU,4.6
18,30.23,2016-02-07 13:42:33.633,2016-02-08 19:56:29.140,2700.0,036640EC,3.52
19,7.73,2016-02-08 20:34:23.490,2016-02-09 04:18:10.250,1400.0,042943EU,4.3
20,10.6,2016-02-09 04:18:13.897,2016-02-09 14:54:20.297,1400.0,043942EU,4.74
21,12.36,2016-02-09 15:17:18.837,2016-02-10 03:38:50.570,1400.0,044132EU,4.22
22,5.42,2016-02-10 03:39:55.600,2016-02-10 09:04:58.813,1400.0,043932EU,4.22
23,22.73,2016-02-10 09:05:03.163,2016-02-11 07:49:03.020,2400.0,042944EU,4.41
24,27.54,2016-02-11 07:49:08.197,2016-02-12 11:21:29.500,5000.0,044042EU,4.1
25,15.35,2016-02-12 11:21:46.087,2016-02-13 02:42:41.130,2500.0,023732CH,4.72
26,3.21,2016-02-13 02:46:25.053,2016-02-13 05:59:17.920,700.0,037732CH,3.31
27,28.6,2016-02-13 06:03:01.813,2016-02-14 10:38:54.683,6800.0,044046EU,4.99
28,12.16,2016-02-14 10:51:11.340,2016-02-14 23:00:57.307,2300.0,044042EU,3.69
29,15.65,2016-02-14 23:15:51.930,2016-02-15 14:54:45.243,2700.0,044042EU,4.88
30,34.27,2016-02-15 14:54:53.410,2016-02-17 01:10:50.480,3400.0,037766EC,4.75
31,17.09,2016-02-16 02:26:10.327,2016-02-16 19:31:38.357,2700.0,041137EU,3.75
32,19.21,2016-02-16 19:31:46.393,2016-02-17 14:44:06.900,2700.0,028138EU,4.3
33,13.3,2016-02-17 14:44:15.127,2016-02-18 04:02:01.513,2700.0,037739CH,3.34
34,41.26,2016-02-18 04:03:31.937,2016-02-19 21:19:23.587,4300.0,043932EU,3.26
35,13.68,2016-02-19 23:06:29.387,2016-02-20 12:47:17.240,1800.0,042944EU,3.53
36,12.2,2016-02-20 12:57:24.640,2016-02-21 01:09:38.453,2700.0,042943EU,3.37
37,28.28,2016-02-21 01:09:42.513,2016-02-22 05:26:31.097,2700.0,036640EC,3.1
38,23.96,2016-02-22 05:26:37.283,2016-02-23 05:24:09.110,4500.0,042939EU,4.88
39,17.52,2016-02-23 13:55:21.220,2016-02-24 07:26:24.040,2300.0,036647EC,4.1
40,61.52,2016-02-24 07:26:28.807,2016-02-26 20:57:29.540,8000.0,044046EU,3.46
41,26.08,2016-02-27 07:17:52.023,2016-02-28 09:22:38.150,5000.0,044042EU,3.91
42,6.27,2016-02-28 09:22:43.480,2016-02-28 15:39:07.560,1700.0,043477CH,4.11
43,25.58,2016-02-28 15:44:27.820,2016-02-29 17:19:26.340,4500.0,044046EU,4.93
44,24.61,2016-02-29 17:19:41.737,2016-03-01 17:56:30.527,1663.0,044138EU,4.2
45,8.93,2016-03-01 17:56:35.330,2016-03-02 02:52:12.747,1900.0,044138EU,4.01
46,13.41,2016-03-02 03:15:08.967,2016-03-02 16:39:44.100,3200.0,041137EU,5.0
47,200.95,2016-03-02 16:39:49.013,2016-03-11 01:37:03.333,2700.0,023732CH,4.16
48,23.7,2016-03-03 04:18:03.540,2016-03-04 03:59:49.933,3600.0,043932EU,4.78
49,10.07,2016-03-04 04:00:57.980,2016-03-04 14:05:25.547,1800.0,042932EU,4.44
50,28.34,2016-03-04 14:19:30.030,2016-03-05 18:39:51.653,4100.0,042943EU,3.98
51,13.47,2016-03-05 18:45:26.350,2016-03-06 08:13:54.330,3000.0,042939EU,3.31
52,20.38,2016-03-06 08:30:42.580,2016-03-07 04:53:42.497,2300.0,036647EC,4.71
53,3.07,2016-03-07 04:54:11.367,2016-03-07 07:58:18.980,600.0,043947EU,3.03
54,6.94,2016-03-07 08:22:10.907,2016-03-07 15:18:41.503,500.0,042747EU,3.78
55,32.01,2016-03-07 15:20:22.440,2016-03-08 23:20:42.667,5700.0,044046EU,4.1
56,9.7,2016-03-09 06:01:28.070,2016-03-09 15:43:43.723,1400.0,037732CH,3.09
57,14.84,2016-03-09 15:44:10.187,2016-03-10 06:34:19.160,2700.0,023732CH,3.19
58,15.03,2016-03-10 06:35:36.080,2016-03-10 21:37:41.353,3400.0,037766EC,4.72
59,18.84,2016-03-10 22:26:13.453,2016-03-11 17:16:39.900,5000.0,044042EU,3.24
60,22.71,2016-03-11 17:17:23.363,2016-03-12 16:00:11.300,3600.0,044138EU,3.99
61,16.89,2016-03-12 16:00:19.860,2016-03-13 08:53:48.060,2700.0,037739CH,3.21
62,11.93,2016-03-13 08:54:42.477,2016-03-13 20:50:24.367,2700.0,028138EU,3.23
63,13.25,2016-03-13 21:02:04.253,2016-03-14 10:17:13.477,2700.0,041137EU,3.2
64,1.2,2016-03-14 10:17:18.763,2016-03-14 11:29:23.553,300.0,041137EU,3.66
65,21.56,2016-03-14 11:29:29.793,2016-03-15 09:03:02.527,5700.0,044046EU,3.25
66,21.9,2016-03-15 09:03:07.487,2016-03-16 06:56:49.810,5000.0,044042EU,4.68
67,15.71,2016-03-16 06:56:55.140,2016-03-16 22:39:44.853,2700.0,023732CH,3.34
68,25.3,2016-03-16 23:33:03.463,2016-03-18 00:50:54.967,4500.0,043932EU,3.67
69,8.18,2016-03-18 01:08:37.247,2016-03-18 09:19:42.937,1400.0,044132EU,3.33
70,14.7,2016-03-18 09:19:48.040,2016-03-19 00:01:41.897,2700.0,036640EC,4.6
71,4.9,2016-03-19 00:26:12.137,2016-03-19 05:19:56.240,1400.0,043942EU,4.38
72,11.71,2016-03-19 05:31:03.893,2016-03-19 17:13:46.413,2700.0,042943EU,4.46
73,13.33,2016-03-19 17:14:35.687,2016-03-20 06:34:05.777,3000.0,042939EU,4.48
74,22.53,2016-03-20 06:48:40.323,2016-03-21 05:20:30.370,2300.0,036647EC,3.03
75,7.91,2016-03-21 05:20:34.183,2016-03-21 13:15:15.787,750.0,043947EU,4.98
76,5.02,2016-03-21 13:15:20.783,2016-03-21 18:16:47.647,600.0,043448CH,3.79
77,25.12,2016-03-21 18:16:51.893,2016-03-22 19:24:18.090,5000.0,044046EU,4.23
78,25.15,2016-03-22 19:24:27.683,2016-03-23 20:33:37.237,5000.0,044042EU,3.71
79,43.04,2016-03-23 20:42:23.340,2016-03-25 15:44:59.270,4100.0,044138EU,4.33
80,115.05,2016-03-25 15:45:03.853,2016-03-30 10:47:52.030,2700.0,037739CH,3.09
81,24.84,2016-03-30 12:31:42.597,2016-03-31 13:22:00.447,2700.0,042943EU,3.68
82,2.98,2016-03-31 13:22:06.290,2016-03-31 16:20:57.680,300.0,042732EU,4.45
83,13.07,2016-03-31 16:21:02.373,2016-04-01 05:25:31.680,1900.0,042932EU,3.14
84,23.52,2016-04-01 05:26:08.047,2016-04-02 04:57:04.160,1900.0,037732CH,3.55
85,25.97,2016-04-02 05:44:42.803,2016-04-03 07:42:45.450,5700.0,044046EU,3.87
86,18.75,2016-04-03 07:55:54.417,2016-04-04 02:40:47.393,2700.0,041137EU,4.83
87,12.29,2016-04-04 02:40:51.220,2016-04-04 14:58:25.833,2700.0,028138EU,4.7
88,18.44,2016-04-04 14:58:32.603,2016-04-05 09:24:50.320,2300.0,044138EU,4.87
89,7.61,2016-04-05 10:05:05.373,2016-04-05 17:41:47.507,1700.0,043477CH,3.09
90,20.52,2016-04-05 17:43:30.103,2016-04-06 14:14:30.573,5700.0,044046EU,3.18
91,31.53,2016-04-06 14:14:38.670,2016-04-07 21:46:10.860,5000.0,044042EU,4.44
92,24.77,2016-04-07 23:22:09.237,2016-04-09 00:08:21.143,3600.0,023732CH,3.66
93,13.37,2016-04-09 01:00:24.007,2016-04-09 14:22:22.580,2700.0,037739CH,4.39
94,20.2,2016-04-09 14:34:49.613,2016-04-10 10:46:42.940,2700.0,041137EU,4.73
95,13.57,2016-04-11 17:25:07.130,2016-04-12 06:59:15.500,2300.0,042939EU,3.04
96,16.96,2016-04-12 06:59:21.850,2016-04-12 23:57:10.030,2300.0,036647EC,3.4
97,23.84,2016-04-13 00:31:33.227,2016-04-14 00:22:01.577,2700.0,043932EU,4.52
98,14.1,2016-04-14 00:48:57.563,2016-04-14 14:54:54.400,2300.0,042944EU,4.29
99,40.06,2016-04-14 15:27:51.127,2016-04-16 07:31:17.117,5700.0,044046EU,4.79
100,1.9,2016-04-16 07:31:46.437,2016-04-16 09:25:41.390,500.0,037766EC,4.25
101,35.52,2016-04-16 09:25:45.487,2016-04-17 20:56:47.127,2900.0,037766EC,4.52
102,22.9,2016-04-17 21:06:13.150,2016-04-18 19:59:55.980,5000.0,044042EU,4.02
103,9.57,2016-04-18 20:35:33.870,2016-04-19 06:09:53.157,1500.0,043938EU,3.13
104,24.71,2016-04-19 06:14:22.527,2016-04-20 06:57:08.990,3000.0,042939EU,4.32
105,12.68,2016-04-20 07:44:51.530,2016-04-20 20:25:56.920,2000.0,036640EC,3.83
106,13.61,2016-04-20 20:26:42.360,2016-04-21 10:03:07.377,3000.0,042943EU,4.79
107,4.22,2016-04-21 10:03:15.793,2016-04-21 14:16:14.447,1000.0,042742EU,4.69
108,10.77,2016-04-21 14:16:21.727,2016-04-22 01:02:34.983,1000.0,041642EU,3.74
109,22.82,2016-04-22 01:18:55.843,2016-04-23 00:08:24.780,5700.0,044046EU,3.83
110,6.14,2016-04-23 00:18:02.740,2016-04-23 06:26:33.980,1700.0,043477CH,4.68
111,52.02,2016-04-23 06:32:58.260,2016-04-25 10:34:07.083,3600.0,044138EU,4.63
112,13.31,2016-04-25 10:34:12.657,2016-04-25 23:52:54.960,2700.0,037739CH,4.87
113,21.6,2016-04-26 00:16:41.697,2016-04-26 21:52:34.670,5000.0,044042EU,4.89
114,22.85,2016-04-26 22:10:04.843,2016-04-27 21:01:00.160,5700.0,044046EU,4.12
115,14.05,2016-04-28 01:30:01.093,2016-04-28 15:32:52.703,1800.0,037732CH,3.87
116,9.03,2016-04-28 16:27:01.753,2016-04-29 01:28:42.767,1800.0,023732CH,3.94
117,16.18,2016-04-29 02:17:48.747,2016-04-29 18:28:39.113,1800.0,042932EU,3.73
118,11.98,2016-04-29 20:30:17.397,2016-04-30 08:29:06.160,2700.0,042943EU,3.92
119,28.37,2016-04-30 08:39:03.560,2016-05-01 13:01:23.143,3000.0,042939EU,4.69
120,28.98,2016-05-01 13:20:57.187,2016-05-02 18:19:30.057,2300.0,036647EC,3.31
121,8.85,2016-05-02 18:41:54.710,2016-05-03 03:33:09.270,800.0,023738CH,4.12
122,14.11,2016-05-03 03:34:09.330,2016-05-03 17:40:30.467,1900.0,037739CH,3.6
123,29.24,2016-05-03 17:40:37.830,2016-05-04 22:55:03.543,2700.0,044138EU,4.43
124,58.41,2016-05-04 23:35:43.813,2016-05-07 10:00:06.300,2300.0,041137EU,4.81
125,41.82,2016-05-07 10:27:54.837,2016-05-09 04:16:53.470,10500.0,044046EU,4.17
126,27.99,2016-05-09 04:16:59.480,2016-05-10 08:16:40.673,5000.0,044042EU,4.84
127,20.96,2016-05-10 08:16:46.363,2016-05-11 05:14:34.140,2300.0,037766EC,4.61
128,13.51,2016-05-11 05:14:40.450,2016-05-11 18:44:58.750,2700.0,023732CH,3.07
129,5.74,2016-05-11 18:45:07.550,2016-05-12 00:29:38.143,450.0,042732EU,3.8
130,38.98,2016-05-12 00:34:57.207,2016-05-13 15:33:30.367,7000.0,043932EU,4.49
131,31.55,2016-05-13 15:33:35.670,2016-05-14 23:06:28.633,2700.0,042943EU,4.79
132,7.26,2016-05-14 23:06:34.920,2016-05-15 06:22:27.840,1800.0,036640EC,4.24
133,15.96,2016-05-15 06:42:44.887,2016-05-15 22:40:16.920,2700.0,042939EU,3.25
134,70.82,2016-05-15 22:40:40.017,2016-05-18 21:29:56.510,2400.0,037739CH,3.87
135,10.37,2016-05-18 21:30:00.597,2016-05-19 07:52:17.817,1500.0,041137EU,4.38
136,23.93,2016-05-19 14:28:18.807,2016-05-20 14:24:08.127,4500.0,043932EU,3.55
137,7.82,2016-05-20 14:24:12.853,2016-05-20 22:13:08.373,1400.0,043942EU,3.4
138,18.9,2016-05-20 22:13:14.770,2016-05-21 17:07:31.497,3000.0,042939EU,3.73
139,7.54,2016-05-21 17:07:35.837,2016-05-22 00:40:14.950,750.0,043947EU,4.51
140,5.3,2016-05-22 00:40:19.060,2016-05-22 05:58:23.573,750.0,042747EU,3.19
141,24.91,2016-05-22 07:43:53.200,2016-05-23 08:38:36.220,3600.0,044138EU,4.82
142,15.7,2016-05-23 08:38:41.063,2016-05-24 00:20:58.777,1700.0,043477CH,3.5
143,21.47,2016-05-24 14:03:30.667,2016-05-25 11:31:28.480,3500.0,044042EU,4.11
144,19.14,2016-05-25 11:31:33.343,2016-05-26 06:39:56.637,5700.0,044046EU,4.14
145,16.19,2016-05-26 06:40:03.333,2016-05-26 22:51:41.567,2700.0,023732CH,3.95
146,12.95,2016-05-26 23:29:28.650,2016-05-27 12:26:44.887,2200.0,043932EU,4.42
147,15.85,2016-05-27 12:26:50.200,2016-05-28 04:17:44.370,2300.0,042944EU,4.3
148,25.88,2016-05-28 04:26:46.800,2016-05-29 06:19:48.240,3600.0,042943EU,4.26
149,10.68,2016-05-29 06:23:04.350,2016-05-29 17:03:43.803,1400.0,042742EU,4.07
150,19.66,2016-05-29 17:03:46.957,2016-05-30 12:43:18.373,1200.0,040366EU,3.37
151,12.28,2016-05-30 12:43:23.163,2016-05-31 01:00:17.940,1900.0,043938EU,4.45
152,15.45,2016-05-31 01:00:23.950,2016-05-31 16:27:12.937,2700.0,043932EU,4.49
153,13.81,2016-05-31 16:27:19.950,2016-06-01 06:15:39.740,2700.0,036647EC,4.08
154,37.12,2016-06-01 06:39:52.210,2016-06-02 19:47:16.810,5700.0,044046EU,3.22
155,15.12,2016-06-02 19:47:27.080,2016-06-03 10:54:24.590,3400.0,037766EC,4.98
156,11.3,2016-06-03 12:35:33.533,2016-06-03 23:53:43.370,2200.0,028138EU,3.27
157,11.7,2016-06-03 23:53:47.223,2016-06-04 11:35:49.837,2300.0,037739CH,4.36
158,28.13,2016-06-04 11:44:48.170,2016-06-05 15:52:41.483,5000.0,044042EU,3.01
159,27.54,2016-06-05 15:53:22.993,2016-06-06 19:25:40.050,5700.0,044046EU,3.66
160,29.33,2016-06-06 19:51:07.957,2016-06-08 01:10:56.580,4500.0,043932EU,3.93
161,14.15,2016-06-08 02:45:16.797,2016-06-08 16:54:30.000,1800.0,042932EU,3.81
162,11.14,2016-06-08 16:54:34.153,2016-06-09 04:03:01.267,1000.0,042738EU,3.46
163,22.78,2016-06-09 04:03:07.287,2016-06-10 02:49:43.307,3000.0,042939EU,4.32
164,10.21,2016-06-10 10:04:45.373,2016-06-10 20:17:03.673,1100.0,043947EU,4.32
165,15.78,2016-06-10 20:35:53.417,2016-06-11 12:22:41.377,1800.0,037732CH,3.19
166,13.96,2016-06-11 12:28:11.930,2016-06-12 02:25:52.530,2700.0,023732CH,4.59
167,27.54,2016-06-12 02:25:59.167,2016-06-13 05:58:38.967,3600.0,044138EU,3.15
168,41.77,2016-06-13 06:15:37.633,2016-06-15 00:01:53.643,5000.0,044042EU,3.37
169,0.97,2016-06-14 12:55:07.760,2016-06-14 13:53:32.243,150.0,002966EU,3.88
170,36.78,2016-06-15 00:01:59.837,2016-06-16 12:48:34.763,5700.0,044046EU,3.21
171,0.78,2016-06-15 08:55:22.903,2016-06-15 09:42:21.780,150.0,042539EU,3.23
172,24.5,2016-06-16 12:48:40.677,2016-06-17 13:18:57.983,2700.0,043932EU,4.75
173,7.46,2016-06-17 13:19:44.530,2016-06-17 20:47:21.357,1800.0,043942EU,3.33
174,9.82,2016-06-17 20:47:27.503,2016-06-18 06:36:43.940,3200.0,042943EU,4.67
175,4.61,2016-06-18 07:17:17.230,2016-06-18 11:53:38.990,1200.0,041643EU,3.24
176,22.06,2016-06-18 12:01:51.503,2016-06-19 10:05:38.887,3000.0,042939EU,3.28
177,4.82,2016-06-19 11:24:19.737,2016-06-19 16:13:48.900,600.0,023738CH,4.6
178,19.44,2016-06-19 16:13:52.433,2016-06-20 11:40:20.500,2900.0,037739CH,4.44
179,24.09,2016-06-20 11:40:24.233,2016-06-21 11:45:32.710,3200.0,044138EU,4.67
180,43.76,2016-06-21 11:48:35.843,2016-06-23 07:33:56.157,11300.0,044046EU,3.12
181,28.03,2016-06-23 07:35:14.167,2016-06-24 11:37:08.143,2300.0,042932EU,4.54
182,12.78,2016-06-24 11:37:12.383,2016-06-25 00:23:55.807,2700.0,043932EU,4.75
183,13.06,2016-06-25 00:28:09.060,2016-06-25 13:31:53.200,800.0,036640EC,3.57
184,6.42,2016-06-25 13:37:48.550,2016-06-25 20:03:10.307,1900.0,036640EC,3.87
185,27.08,2016-06-25 20:21:36.630,2016-06-26 23:26:40.513,3000.0,042939EU,3.12
186,57.64,2016-06-27 00:05:07.570,2016-06-29 09:43:39.437,6000.0,044042EU,3.37
187,14.6,2016-06-29 10:35:19.990,2016-06-30 01:11:29.553,2700.0,023732CH,4.83
188,10.19,2016-06-30 01:11:33.750,2016-06-30 11:23:04.367,2800.0,043477CH,3.65
189,9.07,2016-06-30 11:23:36.423,2016-06-30 20:27:39.470,1700.0,037766EC,4.8
190,22.95,2016-06-30 20:27:44.750,2016-07-01 19:24:44.573,5700.0,044046EU,4.18
191,18.79,2016-07-01 19:24:52.070,2016-07-02 14:12:03.727,2700.0,037739CH,4.77
192,25.48,2016-07-02 14:13:14.463,2016-07-03 15:41:47.083,4100.0,044138EU,4.52
193,14.71,2016-07-03 16:02:35.810,2016-07-04 06:44:58.610,3200.0,028138EU,4.14
194,44.02,2016-07-04 06:45:03.297,2016-07-06 02:46:10.590,4200.0,042939EU,3.12
195,19.27,2016-07-06 02:56:31.070,2016-07-06 22:12:57.307,1300.0,043938EU,3.2
196,3.48,2016-07-06 22:15:20.603,2016-07-07 01:44:21.597,600.0,042738EU,3.61
197,7.63,2016-07-07 01:54:26.620,2016-07-07 09:32:08.547,1000.0,043932EU,4.67
198,17.85,2016-07-07 09:32:14.310,2016-07-08 03:23:08.623,2300.0,042944EU,4.92
199,20.73,2016-07-08 03:23:21.927,2016-07-09 00:07:17.810,700.0,036647EC,3.18
200,10.77,2016-07-09 00:12:52.850,2016-07-09 10:58:50.540,2000.0,036647EC,3.84
201,38.56,2016-07-09 11:17:35.043,2016-07-11 01:51:08.197,5400.0,042943EU,3.26
202,7.19,2016-07-11 03:33:04.323,2016-07-11 10:44:24.030,1400.0,036640EC,4.54
203,24.61,2016-07-11 10:44:31.773,2016-07-12 11:21:24.530,2100.0,037766EC,4.57
204,31.69,2016-07-12 12:10:39.593,2016-07-13 19:52:20.607,2700.0,044042EU,3.76
205,1.97,2016-07-13 19:52:26.120,2016-07-13 21:50:52.020,1300.0,044042EU,3.22
206,6.07,2016-07-13 21:50:56.947,2016-07-14 03:54:52.243,1000.0,037732CH,4.58
207,15.21,2016-07-14 03:54:55.600,2016-07-14 19:07:48.407,2600.0,023732CH,3.2
208,26.58,2016-07-14 19:57:22.183,2016-07-15 22:32:28.137,5700.0,044046EU,3.05
209,22.41,2016-07-25 10:33:23.947,2016-07-26 08:57:54.340,5000.0,044042EU,3.65
210,39.48,2016-07-26 08:57:58.643,2016-07-28 00:26:28.800,8000.0,044046EU,3.81
211,8.98,2016-07-28 00:46:14.510,2016-07-28 09:45:07.877,1000.0,023738CH,3.29
212,24.16,2016-07-28 09:46:19.330,2016-07-29 09:56:09.797,3500.0,037739CH,3.82
213,1.73,2016-07-29 10:05:28.467,2016-07-29 11:48:59.803,500.0,044138EU,4.32
214,14.47,2016-07-29 11:49:03.713,2016-07-30 02:17:30.633,2700.0,044138EU,3.34
215,18.02,2016-07-30 02:48:48.600,2016-07-30 20:49:53.747,4100.0,041137EU,4.96
216,11.21,2016-07-30 22:00:18.833,2016-07-31 09:13:10.507,1200.0,043947EU,4.96
217,31.38,2016-07-31 09:17:51.643,2016-08-01 16:40:46.457,3300.0,036647EC,4.62
218,41.5,2016-08-01 16:40:51.283,2016-08-03 10:11:02.540,3100.0,042939EU,4.02
219,41.26,2016-08-03 11:00:45.230,2016-08-05 04:16:08.997,1800.0,036640EC,4.66
220,16.95,2016-08-05 06:39:06.347,2016-08-05 23:36:09.230,2700.0,042943EU,3.04
221,9.04,2016-08-05 23:37:11.760,2016-08-06 08:39:39.643,800.0,037732CH,3.13
222,11.53,2016-08-06 08:53:48.967,2016-08-06 20:25:26.163,2000.0,023732CH,3.94
223,45.8,2016-08-06 20:25:32.697,2016-08-08 18:13:32.287,5700.0,044046EU,3.59
224,30.23,2016-08-08 18:55:08.123,2016-08-10 01:08:41.950,5000.0,044042EU,3.28
225,34.63,2016-08-10 01:12:53.047,2016-08-11 11:50:42.997,3300.0,042548EU,3.67
226,3.53,2016-08-11 11:57:56.093,2016-08-11 15:29:48.013,500.0,041645EU,4.35
227,18.9,2016-08-11 15:29:51.957,2016-08-12 10:24:06.857,2300.0,041646EU,3.72
228,11.03,2016-08-12 10:24:10.800,2016-08-12 21:26:02.630,2000.0,047868CH,4.4
229,34.53,2016-08-12 21:26:07.980,2016-08-14 07:58:09.630,7000.0,044042EU,4.66
230,81.66,2016-08-14 08:01:10.770,2016-08-17 17:40:51.013,6800.0,044046EU,3.77
231,24.82,2016-08-17 17:40:57.463,2016-08-18 18:29:55.260,4100.0,041137EU,4.69
232,15.56,2016-08-18 18:29:59.540,2016-08-19 10:03:17.673,2700.0,028138EU,3.19
233,7.52,2016-08-19 10:03:23.820,2016-08-19 17:34:53.277,1400.0,023738CH,4.83
234,16.3,2016-08-19 17:34:56.973,2016-08-20 09:52:55.120,2700.0,037739CH,3.69
235,23.3,2016-08-20 10:08:12.157,2016-08-21 09:25:56.427,3600.0,044138EU,3.94
236,20.82,2016-08-21 09:27:28.370,2016-08-22 06:16:31.283,5700.0,044046EU,4.91
237,13.65,2016-08-22 08:28:07.923,2016-08-22 22:07:08.520,3400.0,037766EC,4.35
238,36.01,2016-08-23 02:44:12.503,2016-08-24 14:44:38.323,3000.0,042939EU,4.57
239,20.21,2016-08-24 14:44:41.393,2016-08-25 10:57:16.553,2700.0,042943EU,3.78
240,7.99,2016-08-25 11:08:38.173,2016-08-25 19:07:55.397,1400.0,043942EU,3.42
241,11.56,2016-08-25 19:08:24.587,2016-08-26 06:41:55.963,1000.0,037732CH,3.94
242,13.34,2016-08-26 06:41:59.327,2016-08-26 20:02:05.607,2600.0,023732CH,3.76
243,22.53,2016-08-26 23:40:31.630,2016-08-27 22:12:34.673,5000.0,044042EU,3.0
244,28.36,2016-08-28 00:20:05.333,2016-08-29 04:41:33.663,5700.0,044046EU,4.18
245,22.17,2016-08-29 04:41:39.977,2016-08-30 02:52:01.083,2700.0,037739CH,4.93
246,13.63,2016-08-30 02:52:04.630,2016-08-30 16:29:39.387,1800.0,043932EU,4.24
247,20.92,2016-08-30 16:29:44.223,2016-08-31 13:25:09.207,2300.0,042944EU,3.31
248,15.52,2016-08-31 13:25:13.647,2016-09-01 04:56:18.733,3600.0,042943EU,3.07
249,16.34,2016-09-01 04:56:24.030,2016-09-01 21:16:54.250,3000.0,042939EU,4.13
250,7.72,2016-09-01 21:17:01.837,2016-09-02 05:00:27.153,1500.0,043938EU,3.95
251,16.24,2016-09-02 05:00:32.373,2016-09-02 21:14:45.963,3200.0,036640EC,3.38
252,20.22,2016-09-02 21:42:40.260,2016-09-03 17:55:43.880,3000.0,036647EC,4.44
253,3.54,2016-09-03 18:15:02.640,2016-09-03 21:47:23.230,600.0,042747EU,4.53
254,3.77,2016-09-03 21:55:09.207,2016-09-04 01:41:14.727,500.0,043947EU,4.75
255,27.16,2016-09-04 02:59:54.810,2016-09-05 06:09:20.307,5700.0,044046EU,3.1
256,23.85,2016-09-05 06:09:51.830,2016-09-06 06:00:34.430,3600.0,044138EU,3.21
257,32.02,2016-09-06 06:00:41.133,2016-09-07 14:01:51.643,1500.0,042936EU,3.1
258,12.46,2016-09-06 06:29:40.667,2016-09-06 18:57:15.870,2700.0,037739CH,4.46
259,16.05,2016-09-07 14:01:59.987,2016-09-08 06:05:13.147,3000.0,042939EU,3.81
260,22.82,2016-09-08 06:05:19.777,2016-09-09 04:54:41.397,3600.0,042943EU,3.02
261,8.99,2016-09-09 04:54:47.167,2016-09-09 13:54:23.193,500.0,037732CH,4.64
262,11.67,2016-09-09 13:54:28.550,2016-09-10 01:34:32.677,2200.0,023732CH,4.97
263,10.05,2016-09-10 02:07:26.800,2016-09-10 12:10:10.210,2300.0,037766EC,4.99
264,8.75,2016-09-10 12:11:39.190,2016-09-10 20:56:49.437,5700.0,044046EU,4.2
265,33.27,2016-09-10 21:12:07.850,2016-09-12 06:28:22.020,4000.0,044042EU,4.64
266,23.55,2016-09-12 06:28:27.197,2016-09-13 06:01:30.477,2300.0,041646EU,3.68
267,9.42,2016-09-13 06:01:36.190,2016-09-13 15:26:55.040,900.0,037462EU,3.4
268,6.05,2016-09-13 15:27:00.720,2016-09-13 21:30:10.563,1400.0,037462EU,3.88
269,26.19,2016-09-13 21:47:16.503,2016-09-14 23:58:38.023,3800.0,043847CH,4.6
270,41.23,2016-09-15 00:43:20.063,2016-09-16 17:57:19.963,6200.0,047868CH,4.02
271,42.18,2016-09-16 20:25:31.143,2016-09-18 14:36:30.313,11300.0,044046EU,4.13
272,24.06,2016-09-18 14:39:15.433,2016-09-19 14:42:48.017,5000.0,044042EU,4.48
273,14.35,2016-09-19 14:42:54.677,2016-09-20 05:03:58.843,2700.0,037739CH,3.58
274,11.66,2016-09-20 05:04:12.873,2016-09-20 16:44:05.797,1800.0,042935EU,3.86
275,17.8,2016-09-20 16:44:11.733,2016-09-21 10:31:56.587,2700.0,028138EU,3.31
276,31.36,2016-09-21 13:31:22.820,2016-09-22 20:53:14.223,1400.0,044132EU,4.43
277,31.81,2016-09-21 20:33:44.717,2016-09-23 04:22:36.487,1800.0,042932EU,3.42
278,65.32,2016-09-22 21:29:44.430,2016-09-25 14:48:55.440,1400.0,043942EU,3.15
279,17.95,2016-09-23 04:23:33.027,2016-09-23 22:20:32.487,1300.0,042943EU,4.79
280,9.32,2016-09-23 23:21:37.283,2016-09-24 08:40:34.607,1200.0,042936EU,3.1
281,14.79,2016-09-24 08:40:38.510,2016-09-24 23:28:10.183,3000.0,042939EU,4.55
282,9.17,2016-09-24 23:44:17.537,2016-09-25 08:54:27.193,1500.0,043938EU,3.01
283,8.51,2016-09-25 14:56:16.243,2016-09-25 23:26:38.133,300.0,042747EU,4.48
284,10.29,2016-09-25 23:42:38.713,2016-09-26 10:00:18.800,800.0,043947EU,4.64
285,17.81,2016-09-26 10:00:24.577,2016-09-27 03:49:02.067,3500.0,044046EU,4.8
286,56.34,2016-09-27 03:49:14.913,2016-09-29 12:09:42.920,4100.0,044138EU,3.31
287,6.67,2016-09-29 12:10:03.297,2016-09-29 18:50:31.200,1400.0,042935EU,3.81
288,5.97,2016-09-29 20:10:23.867,2016-09-30 02:08:25.103,1100.0,037732CH,4.56
289,15.75,2016-09-30 02:48:41.837,2016-09-30 18:33:56.540,3000.0,023732CH,3.54
290,48.7,2016-09-30 22:45:58.253,2016-10-02 23:28:12.943,11300.0,044046EU,3.08
291,20.23,2016-10-02 23:40:55.903,2016-10-03 19:54:40.260,3000.0,042939EU,4.17
292,18.75,2016-10-03 19:54:45.273,2016-10-04 14:40:03.073,3600.0,042943EU,4.72
293,11.31,2016-10-04 14:40:08.543,2016-10-05 01:58:33.790,2700.0,036640EC,4.68
294,11.7,2016-10-05 01:58:40.047,2016-10-05 13:40:55.150,2300.0,043932EU,4.57
295,7.5,2016-10-05 13:41:01.950,2016-10-05 21:10:50.303,1800.0,042932EU,4.88
296,15.31,2016-10-05 21:10:54.757,2016-10-06 12:29:26.000,2300.0,042944EU,3.47
297,19.33,2016-10-06 12:29:33.930,2016-10-07 07:49:23.660,3400.0,037766EC,4.68
298,3.61,2016-10-07 08:11:08.560,2016-10-07 11:47:54.600,500.0,037732CH,3.09
299,11.28,2016-10-07 13:04:00.380,2016-10-08 00:20:43.913,2000.0,023732CH,4.49
300,17.2,2016-10-08 00:20:49.907,2016-10-08 17:32:51.457,3600.0,044138EU,3.23
301,23.47,2016-10-08 18:00:18.990,2016-10-09 17:28:26.170,2100.0,037739CH,4.73
302,6.13,2016-10-09 17:32:36.570,2016-10-09 23:40:31.057,1000.0,023738CH,3.31
303,49.87,2016-10-10 00:02:05.033,2016-10-12 01:54:23.500,1600.0,044046EU,4.44
304,29.12,2016-10-10 07:54:32.347,2016-10-11 13:01:31.863,2300.0,041646EU,4.17
305,231.66,2016-10-11 14:28:41.420,2016-10-21 06:08:33.637,1500.0,043949EU,4.81
306,24.93,2016-10-11 22:32:14.603,2016-10-12 23:28:17.560,3000.0,041663EU,3.75
307,25.26,2016-10-12 23:28:25.570,2016-10-14 00:43:55.230,2300.0,042567EU,3.31
308,17.1,2016-10-14 00:44:04.133,2016-10-14 17:50:19.970,2300.0,047868CH,3.74
309,95.73,2016-10-14 18:20:11.743,2016-10-18 18:04:08.990,11300.0,044046EU,4.8
310,37.11,2016-10-18 18:04:14.710,2016-10-20 07:10:42.963,5000.0,044042EU,3.96
311,42.97,2016-10-20 07:55:29.787,2016-10-22 02:53:38.830,3000.0,042939EU,4.24
312,15.79,2016-10-22 02:53:54.370,2016-10-22 18:41:28.567,2700.0,042943EU,3.67
313,12.57,2016-10-22 19:19:11.080,2016-10-23 07:53:23.627,1800.0,042932EU,4.91
314,16.07,2016-10-23 07:57:58.220,2016-10-24 00:02:24.347,3600.0,044138EU,3.77
315,19.73,2016-10-24 00:13:26.820,2016-10-24 19:57:31.397,2700.0,028138EU,3.74
316,12.03,2016-10-24 20:08:46.597,2016-10-25 08:10:38.223,1000.0,042738EU,4.04
317,7.83,2016-10-25 08:10:42.767,2016-10-25 16:00:48.233,1600.0,043938EU,4.06
318,7.41,2016-10-25 16:01:00.203,2016-10-25 23:25:22.087,1800.0,043942EU,4.72
319,7.6,2016-10-26 00:10:17.350,2016-10-26 07:46:00.980,1200.0,042936EU,3.75
320,26.44,2016-10-26 07:46:09.380,2016-10-27 10:12:34.647,3000.0,042939EU,3.77
321,38.0,2016-10-27 10:12:39.143,2016-10-29 00:12:29.507,4100.0,043932EU,4.65
322,10.14,2016-10-29 00:12:33.650,2016-10-29 10:20:40.527,1200.0,037732CH,4.9
323,13.47,2016-10-29 10:25:43.713,2016-10-29 23:54:06.877,2900.0,023732CH,3.55
324,11.21,2016-10-30 00:10:31.930,2016-10-30 11:23:14.650,2300.0,037766EC,3.23
325,7.49,2016-10-30 11:24:38.840,2016-10-30 18:54:12.643,3600.0,037739CH,3.7
326,32.8,2016-11-02 04:18:33.563,2016-11-03 13:06:22.687,3800.0,043847CH,4.41
327,30.38,2016-11-03 13:06:27.537,2016-11-04 19:29:17.397,4500.0,047868CH,4.14
328,49.31,2016-11-04 19:33:54.300,2016-11-06 20:52:15.633,9000.0,044046EU,3.49
329,13.01,2016-11-06 20:57:46.280,2016-11-07 09:58:05.383,2000.0,044042EU,3.76
330,46.85,2016-11-07 09:58:40.260,2016-11-09 08:49:47.563,3800.0,043639EU,4.99
331,22.46,2016-11-09 03:11:24.040,2016-11-10 01:39:09.927,2300.0,043852CH,3.82
332,24.36,2016-11-10 01:39:14.540,2016-11-11 02:01:00.610,1500.0,047868CH,3.91
333,41.48,2016-11-11 02:01:07.177,2016-11-12 19:29:56.617,2000.0,037739CH,4.26
334,1.91,2016-11-12 19:40:25.947,2016-11-12 21:34:54.777,500.0,023738CH,4.23
335,91.66,2016-11-12 21:47:35.337,2016-11-16 17:26:55.987,3600.0,044138EU,3.38
336,27.37,2016-11-13 15:49:22.717,2016-11-14 19:11:22.383,4500.0,044046EU,3.25
337,24.43,2016-11-14 19:11:32.580,2016-11-15 19:37:33.370,1.0,044132EU,3.39
338,28.91,2016-11-14 22:17:57.277,2016-11-16 03:12:25.937,3600.0,042943EU,4.23
339,5.56,2016-11-16 03:12:34.093,2016-11-16 08:45:53.380,900.0,043932EU,3.85
340,6.29,2016-11-16 17:27:04.040,2016-11-16 23:44:12.423,690.0,036647EC,4.05
341,33.21,2016-11-16 23:44:16.930,2016-11-18 08:56:54.287,2800.0,036647EC,3.18
342,12.67,2016-11-18 09:30:10.553,2016-11-18 22:10:28.910,250.0,036640EC,3.41
343,13.67,2016-11-18 22:10:34.313,2016-11-19 11:51:00.407,3400.0,036640EC,3.37
344,39.63,2016-11-19 11:55:16.073,2016-11-21 03:32:57.017,9000.0,044042EU,3.95
345,21.73,2016-11-21 03:48:08.867,2016-11-22 01:31:54.170,5700.0,044046EU,3.73
346,19.88,2016-11-22 01:31:58.060,2016-11-22 21:24:31.683,3500.0,023732CH,4.94
347,4.77,2016-11-22 21:24:35.560,2016-11-23 02:10:51.537,1000.0,037732CH,4.69
348,21.34,2016-11-23 02:11:00.460,2016-11-23 23:31:30.787,4400.0,044138EU,4.2
349,12.0,2016-11-23 23:31:35.530,2016-11-24 11:31:38.600,1800.0,028138EU,3.34
350,20.35,2016-11-24 11:31:43.933,2016-11-25 07:52:59.810,2700.0,043932EU,3.97
351,30.54,2016-11-25 08:36:43.473,2016-11-26 15:09:05.447,3600.0,042943EU,4.15
352,55.25,2016-11-26 15:09:10.377,2016-11-28 22:24:22.047,3000.0,042939EU,4.29
353,51.39,2016-11-27 19:39:57.290,2016-11-29 23:03:29.223,5700.0,044046EU,3.83
354,4.5,2016-11-29 23:03:32.480,2016-11-30 03:33:45.520,600.0,037732CH,4.33
355,14.45,2016-11-30 03:34:05.987,2016-11-30 18:00:59.437,2100.0,023732CH,4.05
356,15.07,2016-11-30 18:01:08.187,2016-12-01 09:05:09.843,3600.0,037737CN,4.34
357,12.34,2016-12-01 09:37:42.650,2016-12-01 21:57:55.220,1800.0,044132EU,4.61
358,18.0,2016-12-01 21:57:59.090,2016-12-02 15:58:01.880,2700.0,043932EU,4.49
359,11.46,2016-12-02 16:28:31.457,2016-12-03 03:55:51.147,1800.0,042932EU,4.88
360,9.74,2016-12-03 03:55:54.770,2016-12-03 13:40:26.610,1400.0,042944EU,4.78
361,28.76,2016-12-03 14:30:58.557,2016-12-04 19:16:22.167,3000.0,042939EU,4.42
362,15.73,2016-12-04 19:47:25.910,2016-12-05 11:31:06.603,2000.0,036647EC,4.89
363,6.45,2016-12-05 11:31:12.083,2016-12-05 17:58:26.437,1000.0,037737CN,4.79
364,8.99,2016-12-06 00:22:39.633,2016-12-06 09:22:11.163,2000.0,041648EU,3.62
365,12.66,2016-12-06 09:22:19.567,2016-12-06 22:01:38.720,1200.0,041648EU,4.98
366,19.84,2016-12-06 22:01:46.793,2016-12-07 17:52:22.627,2200.0,041649EU,4.79
367,24.61,2016-12-07 19:14:26.317,2016-12-08 19:51:04.590,2300.0,043852CH,3.59
368,14.77,2016-12-08 19:55:04.380,2016-12-09 10:41:12.107,3000.0,047868CH,4.61
369,3.43,2016-12-09 10:41:24.327,2016-12-09 14:07:01.867,600.0,041659EU,4.73
370,4.88,2016-12-09 14:07:18.453,2016-12-09 19:00:14.820,1000.0,043847CH,4.98
371,20.21,2016-12-09 19:25:05.540,2016-12-10 15:37:28.943,3600.0,037737CN,4.81
372,46.46,2016-12-10 21:36:48.533,2016-12-12 20:04:24.287,11300.0,044046EU,4.64
373,15.2,2016-12-12 20:04:31.010,2016-12-13 11:16:22.767,4000.0,037767CN,3.42
374,21.35,2016-12-13 11:38:11.233,2016-12-14 08:59:24.390,1800.0,044132EU,3.21
375,12.04,2016-12-14 09:16:53.637,2016-12-14 21:19:27.213,1800.0,042932EU,4.78
376,13.37,2016-12-14 21:19:31.850,2016-12-15 10:41:48.307,1800.0,042944EU,4.25
377,36.48,2016-12-15 11:03:45.553,2016-12-16 23:32:34.857,5700.0,042939EU,4.42
378,57.35,2016-12-16 23:32:39.200,2016-12-19 08:53:41.923,5900.0,044138EU,3.31
379,9.53,2016-12-18 10:13:05.783,2016-12-18 19:45:01.243,1800.0,028138EU,3.52
380,14.59,2016-12-19 08:53:45.253,2016-12-19 23:29:09.387,3200.0,037737CN,3.21
381,19.7,2016-12-19 23:45:33.690,2016-12-20 19:27:28.803,4500.0,044046EU,3.92
382,5.95,2016-12-21 05:03:29.160,2016-12-21 11:00:30.687,1000.0,037732CH,3.34
383,16.01,2016-12-21 11:00:34.507,2016-12-22 03:01:00.380,3500.0,023732CH,3.22
384,13.51,2016-12-22 03:19:09.203,2016-12-22 16:50:02.020,2000.0,043932EU,3.86
385,21.52,2016-12-22 16:50:12.440,2016-12-23 14:21:24.007,3600.0,042943EU,3.4
386,6.31,2016-12-23 14:21:34.687,2016-12-23 20:40:02.920,1400.0,043942EU,3.13
387,232.92,2016-12-23 20:59:23.250,2017-01-02 13:54:47.057,700.0,043947EU,3.23
388,45.89,2017-01-02 15:10:54.057,2017-01-04 13:04:26.123,5400.0,042943EU,4.61
389,10.66,2017-01-04 13:51:47.830,2017-01-05 00:31:09.260,1000.0,037732CH,3.84
390,20.22,2017-01-05 00:31:13.757,2017-01-05 20:44:27.653,3000.0,023732CH,3.51
391,30.65,2017-01-05 20:44:34.167,2017-01-07 03:23:49.667,4000.0,037767CN,3.82
392,52.51,2017-01-07 03:23:58.703,2017-01-09 07:54:34.107,11300.0,044046EU,3.64
393,37.79,2017-01-09 08:34:17.070,2017-01-10 22:21:34.410,5500.0,042939EU,4.09
394,40.32,2017-01-10 22:21:45.123,2017-01-12 14:40:59.490,3600.0,037737CN,4.47
395,20.91,2017-01-12 14:41:02.503,2017-01-13 11:35:30.220,4000.0,044138EU,4.93
396,7.6,2017-01-13 12:08:27.603,2017-01-13 19:44:14.293,2700.0,044132EU,3.78
397,0.03,2017-01-13 19:43:06.140,2017-01-13 19:44:51.330,2700.0,043932EU,4.62
398,41.83,2017-01-14 18:07:56.663,2017-01-16 11:57:27.367,9000.0,044046EU,4.73
399,7.53,2017-01-16 12:22:07.760,2017-01-16 19:53:44.273,1300.0,037732CH,4.45
400,13.76,2017-01-16 19:53:51.820,2017-01-17 09:39:13.353,3200.0,023732CH,4.21
401,9.06,2017-01-17 09:40:27.163,2017-01-17 18:44:16.197,2300.0,028138EU,4.5
402,16.07,2017-01-17 19:00:02.710,2017-01-18 11:04:29.230,1400.0,023738CH,4.7
403,19.54,2017-01-18 11:04:33.540,2017-01-19 06:36:59.163,4500.0,044138EU,3.71
404,23.93,2017-01-19 06:37:05.777,2017-01-20 06:32:40.887,2700.0,043932EU,3.11
405,43.56,2017-01-20 06:32:50.747,2017-01-22 02:06:18.400,6000.0,042938EU,3.93
406,8.39,2017-01-22 02:31:03.157,2017-01-22 10:54:22.950,1500.0,043938EU,3.19
407,6.4,2017-01-22 10:54:25.927,2017-01-22 17:18:21.007,1200.0,042738EU,3.92
408,7.95,2017-01-22 17:32:12.423,2017-01-23 01:29:17.297,2700.0,042943EU,3.81
409,7.24,2017-01-23 09:26:03.010,2017-01-23 16:40:28.860,1000.0,041635EU,4.53
410,20.29,2017-01-23 16:40:35.673,2017-01-24 12:57:49.287,3000.0,042539EU,4.17
411,26.53,2017-01-24 12:57:54.113,2017-01-25 15:29:31.877,5000.0,043847CH,3.32
412,31.46,2017-01-25 15:29:36.000,2017-01-26 22:57:20.433,6000.0,047868CH,4.65
413,21.0,2017-01-26 22:57:25.247,2017-01-27 19:57:27.963,3000.0,042548EU,3.67
414,18.88,2017-01-27 20:19:58.573,2017-01-28 15:13:00.970,3200.0,036640EC,3.27
415,7.23,2017-01-28 15:16:34.283,2017-01-28 22:30:18.250,1300.0,042742EU,3.63
416,6.05,2017-01-28 22:52:25.640,2017-01-29 04:55:36.980,1400.0,043942EU,3.2
417,4.89,2017-01-29 04:58:23.160,2017-01-29 09:51:36.150,500.0,043947EU,4.43
418,6.55,2017-01-29 09:53:53.827,2017-01-29 16:26:57.120,1000.0,042747EU,4.14
419,22.82,2017-01-29 20:28:46.970,2017-01-30 19:18:10.847,3800.0,036647EC,3.55
420,21.75,2017-01-30 20:00:17.647,2017-01-31 17:45:14.650,2800.0,043932EU,4.86
421,34.17,2017-01-31 17:50:15.510,2017-02-02 04:00:32.303,3800.0,044046EU,3.91
422,16.39,2017-02-02 04:02:48.840,2017-02-02 20:26:05.247,4000.0,037767CN,4.9
423,11.86,2017-02-02 20:36:36.520,2017-02-03 08:28:26.100,2000.0,041141EU,3.23
424,30.54,2017-02-03 08:28:29.570,2017-02-04 15:00:57.783,6800.0,044042EU,4.27
425,27.86,2017-02-04 15:23:03.017,2017-02-05 19:14:26.797,4500.0,042943EU,4.51
426,50.65,2017-02-05 19:58:57.860,2017-02-07 22:37:55.970,7500.0,042939EU,3.91
427,10.51,2017-02-08 02:40:59.337,2017-02-08 13:11:51.240,1900.0,036647EC,4.19
428,11.97,2017-02-08 13:11:53.947,2017-02-09 01:09:50.030,1800.0,042932EU,4.88
429,13.51,2017-02-09 01:53:36.903,2017-02-09 15:24:13.207,1800.0,044132EU,3.07
430,18.56,2017-02-09 15:24:17.400,2017-02-10 09:57:53.080,3600.0,043932EU,3.01
431,8.07,2017-02-10 10:08:47.957,2017-02-10 18:12:44.007,1000.0,037732CN,4.92
432,9.12,2017-02-10 18:12:47.350,2017-02-11 03:20:04.770,2600.0,023732CN,4.4
433,38.03,2017-02-11 03:51:08.090,2017-02-12 17:53:02.027,5000.0,044138EU,4.22
434,24.46,2017-02-12 18:15:25.543,2017-02-13 18:42:45.977,3600.0,037737CN,3.62
435,16.78,2017-02-13 18:52:32.910,2017-02-14 11:39:24.077,2300.0,043852CN,3.64
436,27.69,2017-02-14 11:39:27.333,2017-02-15 15:21:08.713,4500.0,043847CN,4.44
437,22.68,2017-02-15 15:28:08.753,2017-02-16 14:09:01.833,3600.0,041665EU,3.28
438,15.38,2017-02-16 14:16:27.010,2017-02-17 05:39:15.697,2300.0,043840CN,4.35
439,13.28,2017-02-17 05:39:18.920,2017-02-17 18:56:11.520,2000.0,047868CN,4.53
440,14.86,2017-02-17 18:56:54.590,2017-02-18 09:48:48.153,2300.0,028138EU,3.58
441,16.92,2017-02-18 09:57:51.453,2017-02-19 02:52:54.880,3200.0,036640EC,4.26
442,6.38,2017-02-19 03:17:03.210,2017-02-19 09:39:59.743,1400.0,043942EU,3.52
443,7.6,2017-02-19 09:47:43.130,2017-02-19 17:23:58.257,1500.0,043938EU,3.27
444,4.93,2017-02-19 17:30:21.220,2017-02-19 22:26:19.707,1200.0,042936EU,3.19
445,22.33,2017-02-19 22:41:04.850,2017-02-20 21:00:35.130,3700.0,042939EU,3.66
446,20.73,2017-02-20 21:00:39.397,2017-02-21 17:44:38.540,3200.0,043932EU,4.31
447,21.74,2017-02-21 17:44:44.283,2017-02-22 15:29:15.547,2300.0,042944EU,4.78
448,12.14,2017-02-22 15:29:20.890,2017-02-23 03:37:56.527,1300.0,037732CN,3.48
449,17.41,2017-02-23 03:38:00.057,2017-02-23 21:02:51.673,3700.0,023732CN,4.17
450,5.82,2017-02-23 21:06:09.593,2017-02-24 02:55:38.333,1000.0,041642EU,4.32
451,16.06,2017-02-24 03:03:58.603,2017-02-24 19:07:39.397,3500.0,043440CN,4.21
452,6.31,2017-02-24 19:07:44.957,2017-02-25 01:26:03.740,1700.0,043477CN,3.75
453,40.54,2017-02-25 01:34:12.487,2017-02-26 18:06:26.410,3600.0,037737CN,4.89
454,26.79,2017-02-25 19:51:18.690,2017-02-26 22:38:46.657,4500.0,044138EU,3.33
455,11.86,2017-02-27 09:40:51.393,2017-02-27 21:32:38.137,1700.0,041691EU,4.99
456,8.53,2017-02-27 21:43:39.440,2017-02-28 06:15:11.687,900.0,041661EU,3.89
457,5.35,2017-02-28 06:15:16.077,2017-02-28 11:36:16.233,800.0,043152EU,3.33
458,17.57,2017-02-28 11:36:25.740,2017-03-01 05:10:23.577,2300.0,041646EU,3.61
459,17.7,2017-03-01 05:10:29.363,2017-03-01 22:52:40.530,3000.0,047868CN,3.08
460,20.34,2017-03-01 23:10:24.930,2017-03-02 19:30:59.997,3800.0,043639EU,4.19
461,13.12,2017-03-02 19:31:09.707,2017-03-03 08:38:07.027,1200.0,041635EU,3.12
462,10.51,2017-03-03 08:38:13.080,2017-03-03 19:08:44.070,1600.0,042539EU,4.45
463,10.1,2017-03-03 20:01:34.647,2017-03-04 06:07:26.537,700.0,043947EU,4.4
464,3.99,2017-03-04 06:37:04.110,2017-03-04 10:36:31.450,400.0,042747EU,3.01
465,31.9,2017-03-04 12:28:18.690,2017-03-05 20:22:12.860,4200.0,036647EC,3.14
466,26.48,2017-03-05 20:54:07.663,2017-03-06 23:23:09.270,3800.0,042938EU,3.13
467,3.62,2017-03-06 23:27:53.800,2017-03-07 03:05:19.427,1000.0,042939EU,3.61
468,33.54,2017-03-07 05:22:54.140,2017-03-08 14:55:24.433,3600.0,043932EU,4.47
469,13.96,2017-03-08 14:55:29.583,2017-03-09 04:53:16.110,1800.0,042932EU,4.05
470,11.72,2017-03-09 04:53:22.253,2017-03-09 16:36:42.423,1300.0,037732CN,3.4
471,6.31,2017-03-09 16:36:46.380,2017-03-09 22:55:10.047,1400.0,023732CN,4.58
472,18.62,2017-03-10 02:14:07.090,2017-03-10 20:51:10.827,4000.0,037767CN,3.98
473,9.12,2017-03-10 20:52:53.820,2017-03-11 05:59:51.450,2000.0,041141EU,4.29
474,28.52,2017-03-11 06:04:26.820,2017-03-12 10:35:46.033,7000.0,043440CN,3.35
475,5.75,2017-03-12 10:49:19.720,2017-03-12 16:34:24.950,1700.0,041149EU,3.85
476,7.71,2017-03-12 16:49:51.810,2017-03-13 00:32:13.583,1000.0,042935EU,3.96
477,15.95,2017-03-13 00:46:10.167,2017-03-13 16:43:06.097,3500.0,028138EU,4.72
478,14.96,2017-03-13 16:43:10.117,2017-03-14 07:41:03.213,1800.0,042932EU,3.05
479,19.26,2017-03-14 08:20:38.263,2017-03-15 03:36:02.053,2300.0,042944EU,4.27
480,40.64,2017-03-15 03:36:05.493,2017-03-16 20:14:18.177,7700.0,042943EU,4.85
481,7.78,2017-03-16 20:14:22.207,2017-03-17 04:01:03.343,1400.0,043942EU,3.81
482,7.05,2017-03-17 04:30:53.290,2017-03-17 11:33:56.787,1400.0,042742EU,3.97
483,41.75,2017-03-17 11:34:03.763,2017-03-19 05:19:14.787,6300.0,044138EU,3.74
484,21.08,2017-03-19 05:37:40.440,2017-03-20 02:42:28.707,5100.0,043448CN,4.08
485,7.54,2017-03-20 02:54:43.403,2017-03-20 10:27:03.130,700.0,043947EU,4.34
486,8.13,2017-03-20 10:32:51.163,2017-03-20 18:40:41.477,400.0,042747EU,3.29
487,34.32,2017-03-20 18:40:52.287,2017-03-22 05:00:08.047,4800.0,042938EU,4.76
488,13.18,2017-03-22 05:00:16.957,2017-03-22 18:11:20.210,2700.0,042939EU,3.02
489,9.68,2017-03-22 18:11:29.313,2017-03-23 03:51:59.460,1800.0,036640EC,4.24
490,9.81,2017-03-23 04:01:56.530,2017-03-23 13:50:48.110,1800.0,043932EU,4.25
491,27.71,2017-03-23 13:50:53.260,2017-03-24 17:33:43.783,3600.0,023732CN,3.39
492,7.29,2017-03-25 00:30:46.147,2017-03-25 07:48:11.443,1400.0,023738CN,4.2
493,19.58,2017-03-25 07:53:07.690,2017-03-26 03:27:56.333,4500.0,037737CN,4.52
494,25.13,2017-03-26 03:39:45.273,2017-03-27 04:47:17.467,3200.0,042943EU,4.24
495,9.84,2017-03-27 04:47:23.133,2017-03-27 14:37:34.260,1500.0,043938EU,4.28
496,8.11,2017-03-27 14:45:17.600,2017-03-27 22:51:58.813,1800.0,043932EU,3.63
497,43.47,2017-03-27 22:54:16.903,2017-03-29 18:22:29.800,6000.0,044138EU,4.43
498,12.0,2017-03-29 21:18:50.520,2017-03-30 09:19:02.743,4500.0,043639EU,4.98
499,19.31,2017-04-27 13:47:01.057,2017-04-28 09:05:41.940,3600.0,037737CN,3.64
500,10.25,2017-04-28 14:33:56.477,2017-04-29 00:48:57.653,600.0,041635EU,4.36
501,18.08,2017-04-29 00:53:36.423,2017-04-29 18:58:20.167,2800.0,042539EU,3.57
502,58.51,2017-04-29 19:14:46.610,2017-05-02 05:45:29.437,5300.0,047868CN,4.67
503,27.01,2017-05-02 06:28:43.573,2017-05-03 09:29:33.953,3200.0,023732CN,4.03
504,20.96,2017-05-03 09:37:22.730,2017-05-04 06:35:04.503,1200.0,042938EU,3.79
505,23.48,2017-05-04 06:35:10.447,2017-05-05 06:03:59.020,4200.0,042939EU,4.1
506,14.43,2017-05-05 06:32:33.783,2017-05-05 20:58:24.417,2000.0,037732CN,3.53
507,31.48,2017-05-05 20:58:30.187,2017-05-07 04:27:15.540,4800.0,023732CN,4.5
508,47.37,2017-05-07 04:27:22.060,2017-05-09 03:49:21.240,6300.0,043932EU,3.92
509,50.01,2017-05-09 03:50:43.190,2017-05-11 05:51:21.090,9000.0,044138EU,3.26
510,16.33,2017-05-11 05:51:26.513,2017-05-11 22:11:10.897,2700.0,028138EU,3.61
511,20.53,2017-05-11 22:11:35.107,2017-05-12 18:43:16.727,3600.0,042943EU,4.34
512,12.18,2017-05-12 18:43:21.933,2017-05-13 06:53:56.930,1000.0,042936EU,4.25
513,225.06,2017-05-13 06:58:48.603,2017-05-22 16:02:24.387,4500.0,042938EU,4.33
514,40.9,2017-05-13 21:06:36.750,2017-05-15 14:00:41.777,3600.0,037737CN,3.93
515,37.32,2017-05-15 14:00:47.953,2017-05-17 03:19:53.033,3000.0,043840CN,3.55
516,9.8,2017-05-17 03:20:04.127,2017-05-17 13:07:48.517,800.0,041671EU,3.81
517,16.08,2017-05-17 13:07:54.380,2017-05-18 05:12:37.307,2700.0,041966EU,3.17
518,17.31,2017-05-18 05:13:01.953,2017-05-18 22:31:48.777,3000.0,043852CN,3.43
519,14.22,2017-05-19 12:20:27.360,2017-05-20 02:33:50.250,3000.0,043948EU,4.66
520,4.26,2017-05-20 07:38:41.797,2017-05-20 11:54:16.250,1000.0,041645EU,3.33
521,24.73,2017-05-20 12:08:50.447,2017-05-21 12:52:47.973,5000.0,042548EU,4.97
522,18.37,2017-05-21 12:59:45.247,2017-05-22 07:22:09.847,4000.0,047868CN,4.33
523,207.01,2017-05-22 16:22:29.587,2017-05-31 07:23:20.010,1.0,042938EU,4.45
524,10.42,2017-05-23 00:02:49.637,2017-05-23 10:27:52.303,2900.0,043932EU,3.27
525,15.97,2017-05-23 10:28:15.570,2017-05-24 02:26:33.877,2300.0,028138EU,3.77
526,322.44,2017-05-24 02:30:39.153,2017-06-06 12:57:18.323,3600.0,037737CN,4.19
527,15.66,2017-05-27 08:10:05.407,2017-05-27 23:49:46.133,2400.0,037732CN,4.11
528,17.22,2017-05-27 23:59:29.407,2017-05-28 17:12:49.403,3000.0,023732CN,3.05
529,77.3,2017-05-28 17:36:16.340,2017-05-31 22:54:26.517,7300.0,044138EU,4.78
530,66.47,2017-05-31 01:21:28.463,2017-06-02 19:49:26.680,3000.0,042938EU,3.4
531,15.69,2017-06-04 03:29:29.487,2017-06-04 19:10:54.143,1800.0,042932EU,3.79
532,41.3,2017-06-04 19:39:26.790,2017-06-06 12:57:25.140,3600.0,043932EU,3.12
533,924.23,2017-06-06 08:30:39.347,2017-07-14 20:44:23.280,2896.0,043639EU,4.16
534,20.69,2017-06-07 01:20:33.803,2017-06-07 22:01:51.750,2300.0,041633EU01,3.19
535,29.25,2017-06-07 22:01:58.080,2017-06-09 03:16:40.250,4500.0,041966EU,3.89
536,12.39,2017-06-09 03:53:30.130,2017-06-09 16:16:48.437,2300.0,042962EU,4.54
537,13.71,2017-06-09 16:17:06.127,2017-06-10 05:59:25.803,2300.0,041662EU,3.66
538,13.48,2017-06-10 08:03:52.397,2017-06-10 21:32:32.500,2700.0,042548EU,3.63
539,3.43,2017-06-10 21:55:34.047,2017-06-11 01:21:34.040,1200.0,041645EU,3.86
540,7.79,2017-06-11 01:52:46.677,2017-06-11 09:40:13.373,1500.0,041659EU,3.95
541,20.02,2017-06-11 09:49:57.963,2017-06-12 05:51:02.590,6000.0,043847CN,4.37
542,15.28,2017-06-12 05:51:11.127,2017-06-12 21:07:45.663,2300.0,041691EU,4.4
543,8.25,2017-06-13 06:21:00.663,2017-06-13 14:36:06.050,1700.0,041649EU,4.2
544,17.84,2017-06-13 14:36:16.497,2017-06-14 08:26:24.293,4000.0,043142EU,3.64
545,38.46,2017-06-14 08:26:30.103,2017-06-15 22:54:12.070,3800.0,041648EU,4.11
546,25.78,2017-06-15 23:26:10.897,2017-06-17 01:13:07.680,3700.0,043140EU,4.0
547,398.15,2017-06-17 04:29:54.340,2017-07-03 18:38:51.570,713.0,041675EU,3.49
548,25.99,2017-06-17 08:37:27.307,2017-06-18 10:36:59.643,4500.0,047868CN,3.11
549,10.64,2017-06-18 10:52:14.240,2017-06-18 21:30:31.263,3000.0,043948EU,3.61
550,5.06,2017-06-18 21:30:41.200,2017-06-19 02:34:32.510,1000.0,041966EU,4.52
551,6.91,2017-06-19 02:59:42.930,2017-06-19 09:54:03.570,1200.0,041671EU,4.36
552,20.17,2017-06-19 09:54:08.450,2017-06-20 06:04:17.603,3600.0,043932EU,4.32
553,12.06,2017-06-20 06:04:23.670,2017-06-20 18:08:15.013,1900.0,042939EU,4.14
554,21.69,2017-06-20 18:16:00.360,2017-06-21 15:57:06.373,1800.0,042932EU,3.89
555,13.64,2017-06-21 15:57:18.570,2017-06-22 05:35:29.290,2700.0,042944EU,3.87
556,30.45,2017-06-22 05:35:35.047,2017-06-23 12:02:24.920,6300.0,042943EU,4.63
557,4.92,2017-06-23 12:09:34.193,2017-06-23 17:04:58.353,1400.0,043942EU,3.18
558,23.22,2017-06-23 17:13:05.540,2017-06-24 16:26:24.397,2000.0,037732CN,4.11
559,16.75,2017-06-24 16:26:31.807,2017-06-25 09:11:21.620,3000.0,023732CN,3.76
560,7.63,2017-06-25 09:11:27.210,2017-06-25 16:49:08.083,1400.0,023738CN,4.01
561,19.69,2017-06-25 16:49:16.500,2017-06-26 12:30:29.217,4500.0,037737CN,4.89
562,35.45,2017-06-26 12:37:15.533,2017-06-28 00:04:16.050,9000.0,043448CN,3.51
563,38.41,2017-06-28 00:04:22.097,2017-06-29 14:29:06.037,6000.0,042938EU,3.64
564,7.06,2017-06-29 14:29:20.100,2017-06-29 21:32:40.660,1500.0,042939EU,3.49
565,39.66,2017-06-29 21:55:55.737,2017-07-01 13:35:49.400,8100.0,044138EU,4.0
566,11.61,2017-07-01 13:43:30.233,2017-07-02 01:20:02.360,2300.0,028138EU,3.92
567,18.27,2017-07-02 01:23:11.240,2017-07-02 19:39:40.287,2700.0,023732CN,3.52
568,14.23,2017-07-03 04:24:17.773,2017-07-03 18:38:06.473,2300.0,041633EU01,4.17
569,17.42,2017-07-03 18:45:37.497,2017-07-04 12:10:53.673,3000.0,042962EU,3.45
570,16.6,2017-07-04 12:10:57.587,2017-07-05 04:47:15.060,2200.0,043852CN,3.55
571,6.02,2017-07-05 04:47:19.240,2017-07-05 10:48:43.847,1500.0,041645EU,4.42
572,32.02,2017-07-05 10:48:48.710,2017-07-06 18:50:02.367,3800.0,042548EU,3.52
573,24.2,2017-07-06 18:50:15.997,2017-07-07 19:02:26.183,2200.0,043840CN,3.86
574,5.41,2017-07-07 19:35:14.090,2017-07-08 01:00:03.567,800.0,041671EU,4.49
575,19.17,2017-07-08 01:04:51.060,2017-07-08 20:15:03.590,3000.0,041966EU,3.49
576,29.04,2017-07-08 20:16:09.487,2017-07-10 01:18:23.910,6000.0,047868CN,4.15
577,14.28,2017-07-10 01:18:39.037,2017-07-10 15:35:44.347,2200.0,037462EU,4.47
578,19.25,2017-07-10 18:40:24.527,2017-07-11 13:55:37.980,3000.0,043136EU01,3.58
579,78.81,2017-07-11 13:55:40.973,2017-07-14 20:44:27.507,1500.0,041659EU,3.98
580,47.23,2017-07-11 19:18:49.140,2017-07-13 18:32:40.097,6500.0,043440CN,4.02
581,15.99,2017-07-13 18:32:45.567,2017-07-14 10:32:01.980,2700.0,043932EU,4.66
582,7.88,2017-07-14 10:38:42.033,2017-07-14 18:31:41.923,1800.0,042932EU,4.71
583,9.97,2017-07-24 09:37:04.150,2017-07-24 19:35:19.557,1800.0,043942EU,4.03
584,7.62,2017-07-24 20:07:45.157,2017-07-25 03:45:11.557,1500.0,043938EU,4.69
585,30.47,2017-07-25 03:45:15.430,2017-07-26 10:13:21.790,4100.0,044138EU,4.54
586,18.67,2017-07-26 10:13:33.770,2017-07-27 04:53:29.757,3600.0,037737CN,4.6
587,12.93,2017-07-27 04:53:34.433,2017-07-27 17:49:39.990,2700.0,028138EU,3.69
588,14.33,2017-07-27 17:49:44.083,2017-07-28 08:09:27.177,3500.0,043440CN,3.16
589,26.75,2017-07-28 08:09:32.057,2017-07-29 10:54:23.117,3800.0,042938EU,3.67
590,19.43,2017-07-29 10:55:13.680,2017-07-30 06:21:04.247,3800.0,042939EU,4.76
591,30.68,2017-07-30 06:35:52.820,2017-07-31 13:16:41.053,6800.0,043448CN,4.51
592,21.51,2017-07-31 13:16:46.580,2017-08-01 10:47:05.177,2200.0,043852CN,4.1
593,50.81,2017-08-01 10:47:08.170,2017-08-03 13:35:56.110,6800.0,043847CN,4.07
594,7.67,2017-08-03 13:42:27.477,2017-08-03 21:22:35.610,1800.0,043821CN,4.08
595,14.13,2017-08-04 00:54:46.813,2017-08-04 15:02:36.053,2300.0,043639EU,3.41
596,12.13,2017-08-04 15:23:08.417,2017-08-05 03:30:48.863,1200.0,043137EU01,3.97
597,31.61,2017-08-05 03:39:34.480,2017-08-06 11:16:26.707,6000.0,043948EU,4.21
598,24.84,2017-08-06 11:16:31.047,2017-08-07 12:06:51.750,6000.0,047868CN,3.17
599,25.17,2017-08-07 12:06:57.857,2017-08-08 13:17:08.250,6000.0,042548EU,3.34
600,21.22,2017-08-08 13:36:05.340,2017-08-09 10:49:14.853,4500.0,041966EU,3.3
601,33.93,2017-08-09 10:49:19.663,2017-08-10 20:45:01.313,5900.0,044138EU,4.09
602,28.62,2017-08-10 20:45:08.910,2017-08-12 01:22:10.980,4000.0,043440CN,4.95
603,40.11,2017-08-12 01:22:17.507,2017-08-13 17:28:38.487,10200.0,043448CN,3.02
604,70.54,2017-08-13 17:29:19.260,2017-08-16 16:01:26.100,1500.0,043938EU,4.97
605,15.83,2017-08-16 16:08:40.493,2017-08-17 07:58:43.853,1500.0,042938EU,4.28
606,28.4,2017-08-17 07:59:08.880,2017-08-18 12:22:51.423,4500.0,042943EU,4.98
607,8.56,2017-08-18 12:22:59.773,2017-08-18 20:56:20.857,1200.0,042936EU,3.56
608,7.81,2017-08-18 21:51:34.287,2017-08-19 05:40:24.540,800.0,042935EU,3.49
609,14.3,2017-08-19 05:40:32.767,2017-08-19 19:58:44.557,2700.0,023732CN,3.4
610,17.28,2017-08-19 20:15:55.493,2017-08-20 13:32:59.797,2300.0,044138EU,3.92
611,28.81,2017-08-20 13:48:04.900,2017-08-21 18:36:23.213,5900.0,037737CN,4.57
612,52.97,2017-08-21 18:36:28.060,2017-08-23 23:34:29.103,2065.0,043136EU01,3.04
613,12.12,2017-08-24 01:47:26.107,2017-08-24 13:54:31.633,2300.0,043136EU01,3.51
614,18.47,2017-08-24 13:54:37.110,2017-08-25 08:22:42.040,3000.0,042567EU,3.3
615,14.61,2017-08-25 08:22:46.900,2017-08-25 22:59:14.763,3000.0,041966EU,3.89
616,16.94,2017-08-25 23:43:16.933,2017-08-26 16:39:39.000,3800.0,047868CN,3.96
617,6.9,2017-08-26 16:56:19.370,2017-08-26 23:50:37.343,1000.0,037262EU,3.23
618,15.47,2017-08-27 01:10:29.690,2017-08-27 16:38:33.610,3500.0,042962EU,4.19
619,46.14,2017-08-27 16:47:55.430,2017-08-29 14:56:15.377,4500.0,043948EU,4.21
620,25.34,2017-08-29 14:56:20.250,2017-08-30 16:17:01.133,3000.0,043840CN,3.13
621,15.53,2017-08-30 16:17:04.480,2017-08-31 07:49:01.760,2200.0,037732CN,3.72
622,13.93,2017-08-31 07:49:06.570,2017-08-31 21:45:09.800,2700.0,023732CN,3.06
623,20.84,2017-08-31 22:00:57.390,2017-09-01 18:51:09.960,3600.0,043932EU,4.01
624,15.36,2017-09-01 18:51:15.310,2017-09-02 10:13:06.477,2300.0,042944EU,4.0
625,13.81,2017-09-02 10:19:15.390,2017-09-03 00:07:59.860,1800.0,043942EU,4.51
626,20.05,2017-09-03 01:08:45.057,2017-09-03 21:11:59.427,4000.0,043440CN,4.27
627,32.19,2017-09-03 21:14:23.640,2017-09-05 05:25:36.917,6800.0,043448CN,3.68
628,9.42,2017-09-05 05:35:23.757,2017-09-05 15:00:30.857,1400.0,023738CN,4.58
629,17.23,2017-09-05 15:19:59.697,2017-09-06 08:33:57.573,1800.0,028138EU,3.32
630,33.22,2017-09-06 08:34:02.650,2017-09-07 17:47:26.433,3400.0,043148EU,4.01
631,37.18,2017-09-07 17:47:30.213,2017-09-09 06:58:22.407,7900.0,043142EU,3.87
632,39.58,2017-09-09 07:26:14.490,2017-09-10 23:00:50.110,7000.0,041966EU,4.35
633,16.48,2017-09-10 23:49:18.763,2017-09-11 16:18:08.850,3500.0,042567EU,3.3
634,24.26,2017-09-11 16:30:14.583,2017-09-12 16:46:00.800,1500.0,043137EU01,3.16
635,49.51,2017-09-12 16:46:06.920,2017-09-14 18:16:48.730,6000.0,043136EU01,4.71
636,52.71,2017-09-14 18:16:54.017,2017-09-16 22:59:46.760,7900.0,043148EU,4.4
637,33.16,2017-09-16 23:14:21.510,2017-09-18 08:23:44.183,6000.0,047868CN,4.4
638,9.09,2017-09-18 08:23:49.440,2017-09-18 17:29:18.250,1000.0,042645EU,3.47
639,13.02,2017-09-18 17:29:24.467,2017-09-19 06:30:54.240,2700.0,041645EU,4.35
640,21.13,2017-09-19 06:31:04.393,2017-09-20 03:38:51.720,3000.0,043146EU,3.35
641,6.7,2017-09-20 03:52:36.623,2017-09-20 10:34:36.740,1000.0,043151EU,3.22
642,19.73,2017-09-20 10:44:04.790,2017-09-21 06:27:44.777,5000.0,041663EU,4.68
643,52.84,2017-09-21 06:58:35.283,2017-09-23 11:48:56.117,2300.0,044132EU,3.54
644,31.17,2017-09-23 14:57:22.703,2017-09-24 22:07:48.723,5900.0,043932EU,3.98
645,12.22,2017-09-24 22:16:03.400,2017-09-25 10:29:30.510,1800.0,042932EU,4.26
646,24.74,2017-09-25 10:29:34.417,2017-09-26 11:13:56.990,2000.0,042938EU,3.72
647,17.67,2017-09-26 11:14:02.533,2017-09-27 04:54:10.463,1400.0,042939EU,3.7
648,35.13,2017-09-27 04:54:19.100,2017-09-28 16:02:00.430,6300.0,044138EU,4.44
649,23.44,2017-09-28 16:14:43.020,2017-09-29 15:41:00.103,2700.0,028138EU,4.13
650,14.56,2017-09-29 15:41:04.543,2017-09-30 06:14:51.393,1100.0,043440CN,4.45
651,20.67,2017-09-30 06:24:34.250,2017-10-01 03:04:28.900,3600.0,037737CN,4.05
652,4.71,2017-10-01 03:12:45.870,2017-10-01 07:55:31.177,800.0,037732CN,4.74
653,16.79,2017-10-01 08:00:09.660,2017-10-02 00:47:40.347,3200.0,023732CN,4.02
654,10.66,2017-10-02 00:59:29.673,2017-10-02 11:38:59.233,1400.0,023738CN,4.52
655,37.66,2017-10-02 11:39:02.653,2017-10-04 01:18:56.400,5300.0,043847CN,4.25
656,3.82,2017-10-04 13:26:33.510,2017-10-04 17:15:42.170,1000.0,037262EU,3.85
657,13.64,2017-10-04 17:15:53.480,2017-10-05 06:54:30.440,2800.0,042962EU,4.02
658,15.5,2017-10-05 06:54:37.847,2017-10-05 22:24:20.037,3000.0,043840CN,3.88
659,16.17,2017-10-05 22:24:26.090,2017-10-06 14:34:54.307,3000.0,043948EU,3.51
660,15.62,2017-10-06 14:34:59.620,2017-10-07 06:12:25.233,3000.0,041645EU,4.19
661,27.07,2017-10-07 06:24:13.883,2017-10-08 09:28:36.393,3800.0,042567EU,4.16
662,8.66,2017-10-08 09:42:34.087,2017-10-08 18:22:23.290,2200.0,041671EU,3.34
663,17.52,2017-10-08 18:28:03.690,2017-10-09 11:59:26.287,6000.0,041663EU,4.49
664,45.75,2017-10-09 11:59:32.590,2017-10-11 09:44:34.650,6300.0,044138EU,3.24
665,36.01,2017-10-11 09:44:45.923,2017-10-12 21:45:25.820,2700.0,044132EU,3.28
666,24.47,2017-10-12 21:45:30.867,2017-10-13 22:13:44.107,3700.0,043932EU,4.92
667,10.21,2017-10-14 01:16:39.947,2017-10-14 11:29:23.720,1800.0,042932EU,3.23
668,16.04,2017-10-14 11:46:44.997,2017-10-15 03:49:13.980,2300.0,042944EU,3.59
669,11.49,2017-10-15 00:20:54.583,2017-10-15 11:50:07.630,1500.0,043938EU,3.93
670,7.25,2017-10-15 12:06:59.357,2017-10-15 19:22:13.843,1000.0,042936EU,3.33
671,36.71,2017-10-15 19:32:19.313,2017-10-17 08:14:40.193,1100.0,042938EU,3.53
672,10.45,2017-10-17 08:14:46.123,2017-10-17 18:41:53.483,1200.0,042939EU,4.88
673,36.88,2017-10-17 18:51:00.700,2017-10-19 07:43:52.363,6800.0,043448CN,4.24
674,30.92,2017-10-19 07:44:04.083,2017-10-20 14:39:27.210,7000.0,043440CN,4.85
675,7.56,2017-10-20 14:39:37.060,2017-10-20 22:13:24.907,1300.0,037732CN,3.56
676,25.79,2017-10-20 22:13:29.917,2017-10-22 00:00:53.723,4200.0,023732CN,4.36
677,26.78,2017-10-22 00:21:06.160,2017-10-23 03:08:06.417,4500.0,037737CN,3.52
678,12.77,2017-10-23 03:14:46.417,2017-10-23 16:00:50.230,3000.0,043440CN,4.24
679,16.65,2017-10-23 16:21:52.940,2017-10-24 09:00:57.430,4000.0,043448CN,4.31
680,19.58,2017-10-24 08:51:12.930,2017-10-25 04:25:44.700,800.0,042567EU,4.19
681,8.17,2017-10-25 04:25:49.377,2017-10-25 12:36:17.027,1200.0,041671EU,3.58
682,35.64,2017-10-25 04:36:07.117,2017-10-26 16:14:42.260,4000.0,041966EU,4.63
683,8.64,2017-10-26 16:14:47.100,2017-10-27 00:53:02.923,1000.0,042645EU,3.01
684,11.87,2017-10-27 00:53:07.710,2017-10-27 12:45:15.690,1500.0,041645EU,3.91
685,37.57,2017-10-27 13:03:16.583,2017-10-29 02:37:42.920,6500.0,042548EU,4.22
686,18.34,2017-10-29 02:50:58.017,2017-10-29 21:11:29.730,4500.0,043948EU,3.77
687,19.13,2017-11-02 14:24:06.000,2017-11-03 09:31:59.173,3000.0,041646EU,3.24
688,10.88,2017-11-03 09:32:02.993,2017-11-03 20:24:48.920,2200.0,043847CN,3.44
689,7.61,2017-11-03 20:24:54.580,2017-11-04 04:01:17.317,1200.0,041659EU,3.99
690,25.12,2017-11-04 05:21:33.833,2017-11-05 06:29:02.567,6000.0,047868CN,3.01
691,12.25,2017-11-05 06:43:00.720,2017-11-05 18:57:50.273,3000.0,043852CN,3.77
692,13.73,2017-11-05 20:19:29.257,2017-11-06 10:03:14.930,2500.0,042962EU,4.99
693,36.36,2017-11-06 10:03:27.553,2017-11-07 22:25:08.950,6800.0,043448CN,4.5
694,21.72,2017-11-08 06:24:28.147,2017-11-09 04:07:30.993,2700.0,028138EU,4.35
695,50.54,2017-11-09 04:07:41.350,2017-11-11 06:40:22.480,7200.0,044138EU,3.62
696,14.61,2017-11-11 07:02:34.997,2017-11-11 21:39:04.470,2200.0,037732CN,4.56
697,34.72,2017-11-11 22:22:29.897,2017-11-13 09:05:36.340,5000.0,023732CN,4.61
698,46.16,2017-11-13 09:05:41.723,2017-11-15 07:15:20.500,7000.0,043440CN,3.41
