ID,Duration,Start,End,Power
1,5.46,2016-01-19 14:21:43.910,2016-01-19 19:49:13.530,42.04
2,5.75,2016-01-21 09:56:40.027,2016-01-21 15:41:56.267,32.04
3,6.06,2016-01-21 16:08:34.180,2016-01-21 22:12:24.967,35.41
4,5.75,2016-01-21 22:39:55.343,2016-01-22 04:25:00.480,39.02
5,5.15,2016-01-22 04:56:05.187,2016-01-22 10:05:12.223,40.31
6,16.53,2016-01-22 21:58:59.087,2016-01-23 14:30:54.960,32.97
7,6.14,2016-01-24 22:41:58.087,2016-01-25 04:50:24.490,38.28
8,6.62,2016-01-25 04:51:20.937,2016-01-25 11:28:46.800,46.67
9,5.27,2016-01-25 12:51:13.530,2016-01-25 18:07:20.987,35.91
10,7.29,2016-01-25 18:16:13.003,2016-01-26 01:33:29.887,48.2
11,5.36,2016-01-26 01:33:33.390,2016-01-26 06:54:54.323,47.66
12,7.85,2016-01-26 07:22:05.993,2016-01-26 15:12:49.977,34.16
13,6.16,2016-01-26 15:25:55.597,2016-01-26 21:35:32.737,33.95
14,6.16,2016-01-26 21:35:37.407,2016-01-27 03:45:13.633,42.97
15,5.68,2016-01-27 05:05:26.030,2016-01-27 10:46:04.190,48.14
16,7.31,2016-01-27 11:11:29.337,2016-01-27 18:29:51.983,41.62
17,5.34,2016-01-27 18:47:50.180,2016-01-28 00:08:03.967,33.72
18,5.4,2016-01-28 00:08:07.847,2016-01-28 05:32:08.587,36.17
19,5.27,2016-01-28 05:57:21.390,2016-01-28 11:13:19.440,49.46
20,5.92,2016-01-28 11:40:28.080,2016-01-28 17:35:40.903,37.14
21,5.07,2016-01-28 23:44:07.163,2016-01-29 04:48:31.877,37.2
22,14.97,2016-01-29 19:25:55.800,2016-01-30 10:23:51.200,38.87
23,22.83,2016-01-30 10:51:42.587,2016-01-31 09:41:13.693,41.37
24,5.65,2016-02-01 05:03:33.167,2016-02-01 10:42:32.207,39.53
25,6.92,2016-02-01 10:42:37.023,2016-02-01 17:37:37.293,41.41
26,5.36,2016-02-01 18:05:56.793,2016-02-01 23:27:30.203,49.2
27,7.29,2016-02-01 23:27:33.803,2016-02-02 06:45:14.700,30.13
28,9.99,2016-02-02 07:07:29.350,2016-02-02 17:06:51.180,39.51
29,5.13,2016-02-02 17:26:27.037,2016-02-02 22:33:59.503,47.68
30,5.07,2016-02-02 22:34:04.140,2016-02-03 03:38:00.673,48.69
31,7.5,2016-02-03 03:38:04.180,2016-02-03 11:08:16.007,45.02
32,5.4,2016-02-03 08:27:43.843,2016-02-03 13:51:41.163,38.23
33,5.5,2016-02-03 14:11:51.800,2016-02-03 19:41:52.950,37.2
34,5.55,2016-02-03 19:50:41.580,2016-02-04 01:23:54.267,39.65
35,6.05,2016-02-04 01:23:57.963,2016-02-04 07:26:40.833,32.59
36,8.52,2016-02-04 07:38:54.973,2016-02-04 16:09:56.110,32.94
37,5.05,2016-02-04 16:11:13.877,2016-02-04 21:14:10.063,44.58
38,86.25,2016-02-04 21:14:15.710,2016-02-08 11:29:03.510,47.75
39,30.95,2016-02-05 05:56:15.180,2016-02-06 12:53:12.613,39.67
40,9.91,2016-02-06 13:33:09.150,2016-02-06 23:27:42.610,48.93
41,5.64,2016-02-08 05:15:32.893,2016-02-08 10:53:54.647,30.15
42,5.4,2016-02-08 11:10:29.337,2016-02-08 16:34:26.907,44.1
43,5.4,2016-02-08 16:34:31.690,2016-02-08 21:58:16.983,39.12
44,7.76,2016-02-08 21:58:23.533,2016-02-09 05:44:13.297,42.41
45,6.0,2016-02-09 06:09:22.927,2016-02-09 12:09:28.140,39.71
46,6.63,2016-02-09 12:37:32.447,2016-02-09 19:15:32.270,41.56
47,6.03,2016-02-09 19:15:35.680,2016-02-10 01:17:19.783,39.68
48,8.48,2016-02-10 01:20:56.450,2016-02-10 09:49:40.033,45.22
49,5.56,2016-02-10 10:04:05.317,2016-02-10 15:37:30.550,30.01
50,5.11,2016-02-10 15:37:34.030,2016-02-10 20:44:25.143,31.39
51,6.27,2016-02-11 19:57:23.040,2016-02-12 02:13:34.240,49.22
52,5.07,2016-02-12 02:13:38.093,2016-02-12 07:18:04.743,39.77
53,7.28,2016-02-12 07:41:35.943,2016-02-12 14:58:31.553,45.63
54,5.32,2016-02-12 14:58:35.720,2016-02-12 20:17:52.620,46.72
55,5.55,2016-02-12 20:17:56.797,2016-02-13 01:51:04.813,43.88
56,16.58,2016-02-13 04:27:06.083,2016-02-13 21:01:47.157,45.08
57,10.15,2016-02-13 22:56:23.093,2016-02-14 09:05:37.373,46.91
58,10.22,2016-02-14 09:23:04.357,2016-02-14 19:36:33.503,36.66
59,5.12,2016-02-15 15:07:04.343,2016-02-15 20:14:19.060,32.17
60,6.28,2016-02-15 20:14:26.593,2016-02-16 02:31:07.220,31.04
61,5.57,2016-02-16 02:41:01.507,2016-02-16 08:15:01.617,47.1
62,34.92,2016-02-16 08:24:27.450,2016-02-17 19:19:21.463,38.77
63,6.12,2016-02-17 19:42:25.343,2016-02-18 01:49:21.780,45.7
64,7.7,2016-02-18 01:49:25.337,2016-02-18 09:31:27.643,36.47
65,12.24,2016-02-18 09:31:34.653,2016-02-18 21:45:45.507,36.87
66,6.75,2016-02-18 21:45:49.377,2016-02-19 04:30:59.727,42.0
67,5.39,2016-02-19 05:03:30.863,2016-02-19 10:26:49.823,39.25
68,5.31,2016-02-19 10:29:33.580,2016-02-19 15:48:15.553,39.78
69,7.36,2016-02-21 22:30:36.397,2016-02-22 05:52:20.817,49.24
70,6.02,2016-02-22 06:16:02.140,2016-02-22 12:17:18.643,30.79
71,10.34,2016-02-22 12:39:14.970,2016-02-22 22:59:32.153,36.72
72,6.1,2016-02-22 22:59:38.573,2016-02-23 05:05:26.340,39.15
73,6.77,2016-02-23 05:37:26.830,2016-02-23 12:23:30.273,41.9
74,5.26,2016-02-24 17:57:36.420,2016-02-24 23:13:06.170,49.22
75,6.88,2016-02-24 23:13:10.407,2016-02-25 06:05:56.687,46.41
76,5.49,2016-02-25 06:24:47.290,2016-02-25 11:54:15.073,49.01
77,5.31,2016-02-25 11:55:51.323,2016-02-25 17:14:37.770,38.1
78,12.78,2016-02-25 17:36:32.510,2016-02-26 06:23:12.510,47.82
79,8.56,2016-02-26 06:55:46.543,2016-02-26 15:29:11.770,44.5
80,17.38,2016-02-26 18:09:44.967,2016-02-27 11:32:29.690,35.36
81,9.78,2016-02-27 11:50:47.993,2016-02-27 21:37:53.073,34.03
82,15.46,2016-02-27 22:03:14.103,2016-02-28 13:30:37.207,36.3
83,6.13,2016-02-29 11:27:51.930,2016-02-29 17:35:22.590,38.46
84,8.89,2016-02-29 17:47:40.510,2016-03-01 02:41:20.387,45.48
85,5.15,2016-03-01 02:41:25.427,2016-03-01 07:50:39.647,31.3
86,10.32,2016-03-01 08:07:26.617,2016-03-01 18:26:32.357,45.88
87,7.3,2016-03-01 18:37:00.660,2016-03-02 01:54:43.363,46.37
88,7.1,2016-03-02 02:20:39.547,2016-03-02 09:26:45.250,42.45
89,5.68,2016-03-02 09:36:33.243,2016-03-02 15:17:05.917,43.8
90,5.94,2016-03-02 15:30:04.343,2016-03-02 21:26:46.247,30.48
91,5.45,2016-03-02 21:26:51.723,2016-03-03 02:54:08.570,37.67
92,6.03,2016-03-03 02:54:12.543,2016-03-03 08:55:58.037,35.86
93,6.06,2016-03-03 09:14:35.377,2016-03-03 15:18:05.387,46.34
94,8.01,2016-03-03 15:38:47.410,2016-03-03 23:39:22.723,44.98
95,5.88,2016-03-03 23:39:26.350,2016-03-04 05:32:28.770,37.41
96,5.62,2016-03-04 05:42:07.803,2016-03-04 11:19:15.660,34.14
97,31.59,2016-03-04 14:33:15.687,2016-03-05 22:08:32.753,32.84
98,5.6,2016-03-07 07:15:15.010,2016-03-07 12:51:15.607,40.2
99,6.85,2016-03-07 13:01:35.273,2016-03-07 19:52:25.040,39.38
100,6.07,2016-03-07 19:52:28.077,2016-03-08 01:56:48.783,39.63
101,5.99,2016-03-08 01:56:52.630,2016-03-08 07:56:10.880,38.01
102,5.62,2016-03-08 14:42:34.467,2016-03-08 20:19:33.740,44.53
103,5.55,2016-03-08 20:19:37.340,2016-03-09 01:52:41.993,35.1
104,7.43,2016-03-09 01:52:46.103,2016-03-09 09:18:25.073,35.68
105,7.52,2016-03-09 09:36:41.110,2016-03-09 17:07:57.233,38.98
106,5.29,2016-03-09 17:16:24.767,2016-03-09 22:33:56.617,37.95
107,6.32,2016-03-09 22:34:00.277,2016-03-10 04:53:16.873,44.86
108,1.89,2016-03-10 14:01:49.383,2016-03-10 15:55:21.993,46.34
109,8.89,2016-03-10 15:31:39.877,2016-03-11 00:25:21.503,30.53
110,1.94,2016-03-11 00:25:26.987,2016-03-11 02:21:37.257,36.95
111,5.8,2016-03-11 02:21:41.440,2016-03-11 08:09:49.063,30.27
112,5.53,2016-03-11 08:23:29.310,2016-03-11 13:55:19.630,38.43
113,10.26,2016-03-11 17:29:29.470,2016-03-12 03:45:23.397,43.2
114,12.69,2016-03-12 03:45:30.537,2016-03-12 16:27:03.300,46.55
115,16.73,2016-03-12 16:47:11.860,2016-03-13 09:31:13.827,41.09
116,11.34,2016-03-14 07:05:31.497,2016-03-14 18:25:55.560,40.0
117,17.24,2016-03-14 18:48:01.443,2016-03-15 12:02:08.120,42.26
118,5.68,2016-03-15 14:22:13.230,2016-03-15 20:02:57.290,37.71
119,6.12,2016-03-15 20:36:54.773,2016-03-16 02:43:51.040,32.74
120,10.89,2016-03-16 02:57:42.123,2016-03-16 13:51:18.657,43.13
121,5.43,2016-03-16 14:14:44.813,2016-03-16 19:40:39.560,35.28
122,5.76,2016-03-16 19:47:54.003,2016-03-17 01:33:34.923,31.44
123,7.66,2016-03-17 01:33:39.063,2016-03-17 09:13:01.137,32.39
124,6.57,2016-03-17 09:29:46.043,2016-03-17 16:04:15.340,39.71
125,6.17,2016-03-17 16:04:20.073,2016-03-17 22:14:24.670,43.28
126,13.08,2016-03-17 22:14:28.130,2016-03-18 11:19:06.947,48.91
127,5.04,2016-03-18 11:39:21.980,2016-03-18 16:41:42.347,48.79
128,5.58,2016-03-18 16:41:48.187,2016-03-18 22:16:22.640,40.75
129,6.99,2016-03-18 22:16:27.680,2016-03-19 05:16:05.833,37.4
130,12.16,2016-03-19 07:43:57.993,2016-03-19 19:53:48.793,40.33
131,46.6,2016-03-20 20:48:16.153,2016-03-22 19:24:33.380,43.91
132,5.68,2016-03-22 19:32:51.427,2016-03-23 01:13:43.197,36.47
133,5.39,2016-03-23 01:13:50.450,2016-03-23 06:37:01.160,48.6
134,6.19,2016-03-23 07:08:43.637,2016-03-23 13:20:22.760,48.11
135,6.08,2016-03-23 13:59:07.207,2016-03-23 20:03:41.713,30.57
136,6.47,2016-03-23 20:03:50.553,2016-03-24 02:31:45.330,33.17
137,5.47,2016-03-24 02:31:53.117,2016-03-24 08:00:07.013,37.0
138,5.07,2016-03-24 08:38:48.910,2016-03-24 13:42:49.120,34.28
139,4.99,2016-03-30 06:40:59.557,2016-03-30 11:40:11.173,45.83
140,5.86,2016-03-30 12:01:38.440,2016-03-30 17:53:17.380,48.15
141,6.35,2016-03-30 17:53:21.247,2016-03-31 00:14:13.620,38.95
142,5.89,2016-03-31 00:14:17.203,2016-03-31 06:07:35.107,41.97
143,6.85,2016-03-31 06:22:40.027,2016-03-31 13:13:40.930,31.87
144,5.45,2016-03-31 13:34:07.620,2016-03-31 19:00:52.843,37.55
145,5.36,2016-03-31 19:01:04.273,2016-04-01 00:22:31.523,46.56
146,11.42,2016-04-01 00:22:34.623,2016-04-01 11:47:43.630,46.44
147,8.96,2016-04-01 12:08:08.253,2016-04-01 21:05:36.273,30.49
148,10.78,2016-04-02 00:14:19.233,2016-04-02 11:01:06.870,36.08
149,21.53,2016-04-02 11:26:26.787,2016-04-03 08:57:59.970,41.58
150,5.75,2016-04-03 20:54:27.827,2016-04-04 02:39:11.450,30.86
151,5.52,2016-04-04 03:22:43.170,2016-04-04 08:53:46.333,37.01
152,7.49,2016-04-04 09:29:51.793,2016-04-04 16:59:11.413,49.37
153,6.04,2016-04-04 16:59:15.540,2016-04-04 23:01:43.797,43.58
154,8.52,2016-04-04 23:01:49.550,2016-04-05 07:33:02.973,45.19
155,5.35,2016-04-05 08:07:43.900,2016-04-05 13:28:41.877,44.6
156,6.6,2016-04-05 13:42:28.830,2016-04-05 20:18:30.333,36.47
157,38.37,2016-04-06 05:11:14.090,2016-04-07 19:33:29.840,49.61
158,5.78,2016-04-07 19:33:36.890,2016-04-08 01:20:15.030,40.61
159,5.64,2016-04-08 01:20:56.177,2016-04-08 06:59:22.473,38.48
160,5.37,2016-04-08 08:33:06.457,2016-04-08 13:55:10.580,34.19
161,26.99,2016-04-08 16:14:25.260,2016-04-09 19:13:34.143,44.98
162,9.25,2016-04-09 19:13:38.320,2016-04-10 04:28:20.697,45.96
163,6.05,2016-04-11 04:03:41.057,2016-04-11 10:06:37.047,39.48
164,14.15,2016-04-11 10:16:06.110,2016-04-12 00:25:23.833,45.8
165,8.95,2016-04-12 00:25:29.233,2016-04-12 09:22:20.100,49.48
166,7.14,2016-04-12 09:39:52.180,2016-04-12 16:48:04.690,41.29
167,11.15,2016-04-12 16:53:43.293,2016-04-13 04:02:29.930,34.43
168,5.67,2016-04-13 04:14:40.887,2016-04-13 09:55:09.460,37.77
169,5.41,2016-04-13 10:14:31.590,2016-04-13 15:39:09.497,40.65
170,18.2,2016-04-13 15:49:07.990,2016-04-14 10:01:22.270,36.24
171,5.52,2016-04-13 23:36:54.563,2016-04-14 05:08:13.677,46.62
172,5.82,2016-04-14 05:08:17.473,2016-04-14 10:57:43.493,46.18
173,6.98,2016-04-14 14:25:11.633,2016-04-14 21:23:42.757,44.44
174,12.76,2016-04-14 21:23:47.557,2016-04-15 10:09:15.817,47.05
175,5.06,2016-04-14 23:24:04.307,2016-04-15 04:27:32.560,42.4
176,3.69,2016-04-15 10:23:24.127,2016-04-15 14:04:50.887,44.47
177,17.05,2016-04-15 16:30:10.563,2016-04-16 09:33:25.940,47.36
178,28.31,2016-04-16 09:58:10.030,2016-04-17 14:16:40.357,46.18
179,5.8,2016-04-18 10:00:55.453,2016-04-18 15:48:59.510,39.21
180,6.37,2016-04-18 15:58:26.947,2016-04-18 22:20:33.533,30.82
181,16.26,2016-04-18 22:20:37.743,2016-04-19 14:36:02.870,34.16
182,6.32,2016-04-19 15:56:05.477,2016-04-19 22:15:33.887,44.89
183,7.37,2016-04-19 22:15:40.860,2016-04-20 05:37:58.883,42.56
184,8.13,2016-04-20 05:48:55.080,2016-04-20 13:56:57.163,42.38
185,11.66,2016-04-20 14:08:48.723,2016-04-21 01:48:24.197,46.94
186,5.41,2016-04-21 01:48:27.990,2016-04-21 07:13:00.360,36.45
187,7.99,2016-04-21 07:30:25.563,2016-04-21 15:29:34.633,35.37
188,11.36,2016-04-22 05:33:34.833,2016-04-22 16:55:07.677,38.11
189,6.52,2016-04-22 17:06:31.840,2016-04-22 23:37:28.180,35.28
190,22.84,2016-04-23 02:39:52.987,2016-04-24 01:30:27.787,34.14
191,11.38,2016-04-24 01:52:18.947,2016-04-24 13:15:24.410,43.13
192,14.45,2016-04-24 14:00:41.643,2016-04-25 04:27:35.580,32.61
193,8.35,2016-04-25 07:56:07.197,2016-04-25 16:17:03.317,37.64
194,14.49,2016-04-29 10:16:42.040,2016-04-30 00:45:59.783,33.32
195,5.95,2016-04-29 12:41:28.183,2016-04-29 18:38:33.493,30.95
196,5.03,2016-04-30 00:46:04.407,2016-04-30 05:47:50.033,47.66
197,5.65,2016-04-30 06:14:06.873,2016-04-30 11:53:14.337,34.43
198,38.21,2016-04-30 13:50:03.590,2016-05-02 04:02:52.453,37.73
199,6.28,2016-05-02 01:34:46.290,2016-05-02 07:51:21.660,42.32
200,8.35,2016-05-02 08:17:29.027,2016-05-02 16:38:23.200,34.84
201,6.76,2016-05-02 16:45:23.147,2016-05-02 23:30:53.697,34.04
202,7.23,2016-05-02 23:30:58.247,2016-05-03 06:45:01.240,40.69
203,5.01,2016-05-03 07:09:27.780,2016-05-03 12:09:46.697,34.82
204,5.8,2016-05-03 12:32:39.997,2016-05-03 18:20:36.273,35.51
205,6.22,2016-05-03 18:26:23.873,2016-05-04 00:39:43.833,42.48
206,5.83,2016-05-04 00:39:47.543,2016-05-04 06:29:35.840,48.42
207,15.85,2016-05-07 06:31:05.350,2016-05-07 22:22:22.943,39.52
208,11.12,2016-05-07 23:00:29.820,2016-05-08 10:07:42.663,44.94
209,20.56,2016-05-08 10:24:54.470,2016-05-09 06:58:38.333,36.21
210,11.42,2016-05-09 06:37:46.230,2016-05-09 18:03:01.650,49.0
211,5.03,2016-05-09 18:25:37.543,2016-05-09 23:27:15.213,44.17
212,6.23,2016-05-09 23:32:31.180,2016-05-10 05:46:12.780,30.14
213,10.42,2016-05-10 08:31:59.040,2016-05-10 18:57:23.633,30.15
214,5.1,2016-05-10 19:23:08.803,2016-05-11 00:29:23.793,42.54
215,6.15,2016-05-11 00:29:27.790,2016-05-11 06:38:12.450,32.3
216,5.48,2016-05-11 12:21:10.907,2016-05-11 17:50:03.240,35.5
217,5.69,2016-05-11 18:12:05.357,2016-05-11 23:53:15.213,42.55
218,6.8,2016-05-11 23:53:19.197,2016-05-12 06:41:10.450,42.19
219,6.14,2016-05-12 07:02:33.317,2016-05-12 13:11:11.473,45.77
220,5.74,2016-05-12 17:38:32.313,2016-05-12 23:22:42.140,30.01
221,13.91,2016-05-12 23:22:50.430,2016-05-13 13:17:18.880,49.24
222,5.86,2016-05-13 14:43:07.020,2016-05-13 20:34:54.340,31.56
223,16.21,2016-05-13 23:11:24.850,2016-05-14 15:24:08.457,49.83
224,10.16,2016-05-14 16:52:21.487,2016-05-15 03:01:54.513,32.21
225,6.79,2016-05-17 06:15:45.797,2016-05-17 13:03:10.130,44.06
226,6.65,2016-05-17 13:13:08.710,2016-05-17 19:52:25.620,40.08
227,12.11,2016-05-17 19:52:33.203,2016-05-18 07:58:53.807,43.64
228,6.03,2016-05-18 08:15:49.340,2016-05-18 14:17:38.670,39.7
229,11.51,2016-05-18 14:46:06.927,2016-05-19 02:16:26.797,37.54
230,7.08,2016-05-19 02:43:40.833,2016-05-19 09:48:22.683,36.03
231,11.97,2016-05-19 10:12:42.767,2016-05-19 22:11:11.090,45.61
232,5.36,2016-05-19 22:11:14.720,2016-05-20 03:32:32.997,39.16
233,12.75,2016-05-20 03:57:52.960,2016-05-20 16:43:08.673,38.86
234,12.58,2016-05-20 19:06:17.540,2016-05-21 07:41:22.777,47.47
235,34.93,2016-05-21 08:02:42.940,2016-05-22 18:58:17.130,40.85
236,7.15,2016-05-23 11:41:44.060,2016-05-23 18:50:40.107,42.0
237,8.37,2016-05-23 18:57:18.450,2016-05-24 03:19:28.313,41.11
238,6.83,2016-05-24 03:19:31.760,2016-05-24 10:09:27.920,37.54
239,5.28,2016-05-24 10:22:44.380,2016-05-24 15:39:32.517,39.99
240,10.47,2016-05-24 16:23:21.463,2016-05-25 02:51:25.373,47.37
241,2.9,2016-05-25 02:51:28.690,2016-05-25 05:45:15.990,42.4
242,5.7,2016-05-25 05:45:19.153,2016-05-25 11:27:17.830,46.9
243,7.76,2016-05-25 11:56:05.710,2016-05-25 19:41:33.830,46.15
244,6.71,2016-05-25 19:41:38.157,2016-05-26 02:24:07.057,30.64
245,11.24,2016-05-26 02:47:13.323,2016-05-26 14:01:45.293,34.39
246,6.36,2016-05-26 14:01:53.173,2016-05-26 20:23:34.023,30.41
247,7.03,2016-05-26 20:23:37.970,2016-05-27 03:25:23.427,34.2
248,9.39,2016-05-27 18:28:50.160,2016-05-28 03:52:17.060,46.77
249,23.46,2016-05-28 04:32:04.440,2016-05-29 03:59:56.557,33.95
250,6.41,2016-05-30 10:15:52.880,2016-05-30 16:40:29.747,38.68
251,5.69,2016-05-30 16:52:43.250,2016-05-30 22:33:49.720,39.43
252,8.89,2016-05-30 22:33:52.883,2016-05-31 07:27:30.147,48.21
253,6.18,2016-05-31 07:47:41.213,2016-05-31 13:58:38.740,35.3
254,5.74,2016-05-31 14:19:51.653,2016-05-31 20:04:17.910,48.58
255,11.69,2016-05-31 20:04:21.443,2016-06-01 07:46:02.310,47.42
256,5.99,2016-06-01 18:20:56.057,2016-06-02 00:20:14.160,42.04
257,6.63,2016-06-02 00:20:19.193,2016-06-02 06:58:07.033,30.59
258,8.78,2016-06-02 07:25:51.097,2016-06-02 16:12:48.233,43.31
259,5.78,2016-06-02 18:10:59.263,2016-06-02 23:57:31.303,32.03
260,6.44,2016-06-02 23:57:35.397,2016-06-03 06:24:13.810,49.3
261,6.24,2016-06-03 06:49:59.633,2016-06-03 13:04:32.470,46.81
262,7.68,2016-06-03 13:12:37.267,2016-06-03 20:53:26.920,47.01
263,20.15,2016-06-03 23:13:37.270,2016-06-04 19:22:43.920,31.77
264,17.11,2016-06-04 19:46:40.627,2016-06-05 12:53:25.980,42.63
265,7.07,2016-06-05 22:22:59.660,2016-06-06 05:27:24.133,49.26
266,6.0,2016-06-06 05:50:51.800,2016-06-06 11:50:44.300,33.61
267,6.84,2016-06-06 12:13:21.080,2016-06-06 19:03:34.877,34.49
268,7.44,2016-06-06 19:03:39.037,2016-06-07 02:30:02.797,32.05
269,6.64,2016-06-07 02:30:06.067,2016-06-07 09:08:39.043,37.71
270,8.2,2016-06-07 09:19:00.923,2016-06-07 17:30:47.860,39.3
271,9.02,2016-06-07 17:54:59.507,2016-06-08 02:56:03.643,35.34
272,7.42,2016-06-09 15:58:19.727,2016-06-09 23:23:16.437,33.44
273,6.01,2016-06-09 23:23:23.603,2016-06-10 05:23:42.200,46.02
274,14.13,2016-06-10 05:48:27.673,2016-06-10 19:56:01.243,38.41
275,6.54,2016-06-10 19:56:05.860,2016-06-11 02:28:39.520,37.79
276,47.55,2016-06-11 04:30:08.477,2016-06-13 04:03:13.333,34.76
277,25.75,2016-06-11 12:17:00.560,2016-06-12 14:01:43.127,41.54
278,7.29,2016-06-13 12:41:37.310,2016-06-13 19:59:15.340,40.66
279,10.02,2016-06-13 19:59:19.997,2016-06-14 06:00:47.557,30.33
280,7.27,2016-06-14 06:44:23.943,2016-06-14 14:00:51.767,39.59
281,10.16,2016-06-14 14:47:07.867,2016-06-15 00:56:49.040,45.86
282,5.79,2016-06-15 00:56:52.320,2016-06-15 06:44:15.567,46.23
283,9.41,2016-06-15 07:33:07.040,2016-06-15 16:57:44.670,44.57
284,6.56,2016-06-15 17:39:45.713,2016-06-16 00:13:31.633,44.57
285,5.83,2016-06-16 00:13:35.543,2016-06-16 06:03:31.260,32.5
286,6.74,2016-06-16 06:40:45.220,2016-06-16 13:24:55.420,37.38
287,11.11,2016-06-16 13:34:43.670,2016-06-17 00:41:09.703,34.26
288,6.51,2016-06-17 01:02:53.757,2016-06-17 07:33:19.920,37.8
289,8.92,2016-06-17 08:13:16.970,2016-06-17 17:08:18.770,47.52
290,21.6,2016-06-17 20:12:38.873,2016-06-18 17:48:25.137,33.24
291,19.99,2016-06-18 18:04:41.353,2016-06-19 14:04:17.507,36.26
292,6.45,2016-06-20 00:00:55.213,2016-06-20 06:27:39.957,33.68
293,6.23,2016-06-20 06:49:44.010,2016-06-20 13:03:41.210,41.88
294,6.7,2016-06-20 13:11:14.450,2016-06-20 19:53:05.457,43.81
295,5.87,2016-06-20 19:53:12.050,2016-06-21 01:45:32.677,39.95
296,5.9,2016-06-21 01:45:42.530,2016-06-21 07:39:56.633,34.29
297,7.49,2016-06-21 08:00:22.793,2016-06-21 15:29:53.087,43.27
298,6.22,2016-06-21 17:47:48.640,2016-06-22 00:01:06.900,41.72
299,6.91,2016-06-22 00:01:10.977,2016-06-22 06:55:33.700,40.06
300,6.96,2016-06-22 07:18:42.093,2016-06-22 14:16:15.053,36.67
301,6.95,2016-06-22 14:24:13.513,2016-06-22 21:21:08.730,30.77
302,6.95,2016-06-23 15:14:26.877,2016-06-23 22:11:09.017,39.04
303,6.68,2016-06-23 22:11:14.180,2016-06-24 04:52:13.097,43.04
304,6.46,2016-06-24 05:09:15.610,2016-06-24 11:36:47.230,31.53
305,6.42,2016-06-24 11:47:36.793,2016-06-24 18:12:43.583,37.39
306,17.83,2016-06-24 20:57:53.737,2016-06-25 14:47:33.503,33.5
307,35.72,2016-06-25 15:16:26.017,2016-06-27 02:59:50.620,42.08
308,6.91,2016-06-27 06:06:57.510,2016-06-27 13:01:18.393,32.23
309,8.34,2016-06-27 13:10:04.533,2016-06-27 21:30:24.483,40.5
310,5.92,2016-06-27 21:30:29.063,2016-06-28 03:25:44.220,49.06
311,6.5,2016-06-28 04:14:31.547,2016-06-28 10:44:20.980,35.56
312,7.55,2016-06-28 10:44:30.280,2016-06-28 18:17:29.067,31.06
313,6.2,2016-06-28 18:36:14.487,2016-06-29 00:48:28.850,34.41
314,6.15,2016-06-29 00:48:33.670,2016-06-29 06:57:29.207,36.81
315,5.9,2016-06-29 07:39:37.300,2016-06-29 13:33:38.083,39.41
316,6.63,2016-06-29 13:51:07.053,2016-06-29 20:29:03.873,38.22
317,6.53,2016-06-29 20:29:08.450,2016-06-30 03:01:10.037,42.86
318,6.11,2016-06-30 03:19:57.297,2016-06-30 09:26:41.370,44.96
319,5.75,2016-06-30 09:53:32.723,2016-06-30 15:38:31.367,43.75
320,5.66,2016-06-30 16:05:17.123,2016-06-30 21:45:09.980,31.65
321,9.68,2016-06-30 21:45:13.867,2016-07-01 07:26:14.817,38.19
322,11.15,2016-07-01 12:55:54.117,2016-07-02 00:04:50.440,46.08
323,25.18,2016-07-02 00:24:38.013,2016-07-03 01:35:39.443,35.17
324,20.89,2016-07-03 01:35:44.590,2016-07-03 22:29:20.820,37.12
325,6.9,2016-07-04 08:03:46.097,2016-07-04 14:57:52.880,32.57
326,6.39,2016-07-04 15:29:16.100,2016-07-04 21:52:29.670,48.35
327,24.64,2016-07-04 22:09:49.427,2016-07-05 22:47:57.297,37.56
328,6.02,2016-07-05 23:10:19.707,2016-07-06 05:11:42.460,35.19
329,6.4,2016-07-06 05:21:24.040,2016-07-06 11:45:23.403,35.99
330,6.7,2016-07-06 12:04:42.737,2016-07-06 18:46:24.870,45.25
331,7.0,2016-07-06 19:08:31.183,2016-07-07 02:08:21.247,48.99
332,5.95,2016-07-07 02:08:24.657,2016-07-07 08:05:27.080,49.8
333,5.78,2016-07-07 08:14:15.463,2016-07-07 14:00:53.867,30.67
334,47.62,2016-07-08 13:39:36.393,2016-07-10 13:16:37.983,42.62
335,6.12,2016-07-11 13:59:38.407,2016-07-11 20:06:42.260,30.2
336,8.29,2016-07-11 20:25:04.023,2016-07-12 04:42:22.860,32.07
337,4.71,2016-07-12 05:03:20.690,2016-07-12 09:45:55.253,31.84
338,5.82,2016-07-13 06:26:09.470,2016-07-13 12:15:36.513,41.79
339,6.07,2016-07-14 01:46:58.093,2016-07-14 07:51:13.997,39.36
340,7.17,2016-07-14 08:00:48.797,2016-07-14 15:10:54.023,42.48
341,6.5,2016-07-14 15:16:21.890,2016-07-14 21:46:37.477,42.56
342,5.91,2016-07-25 10:49:20.083,2016-07-25 16:43:52.900,34.87
343,6.6,2016-07-25 17:17:20.003,2016-07-25 23:53:22.383,39.31
344,6.17,2016-07-26 00:10:49.743,2016-07-26 06:21:19.427,47.36
345,5.71,2016-07-26 06:39:36.283,2016-07-26 12:22:10.067,33.42
346,6.19,2016-07-26 12:39:00.307,2016-07-26 18:50:26.977,46.52
347,5.76,2016-07-26 19:05:40.487,2016-07-27 00:51:18.083,43.77
348,6.02,2016-07-27 00:59:49.417,2016-07-27 07:00:57.337,38.1
349,6.64,2016-07-27 07:25:00.990,2016-07-27 14:03:27.600,33.08
350,5.62,2016-07-27 14:10:42.007,2016-07-27 19:47:43.773,44.64
351,17.38,2016-07-27 20:06:34.353,2016-07-28 13:29:17.497,34.65
352,6.89,2016-07-28 16:14:33.750,2016-07-28 23:07:50.263,37.26
353,7.91,2016-07-28 23:28:09.530,2016-07-29 07:22:40.873,48.11
354,15.28,2016-07-29 12:17:49.697,2016-07-30 03:34:22.633,39.12
355,18.61,2016-07-30 03:56:59.363,2016-07-30 22:33:24.660,42.86
356,14.76,2016-07-30 23:04:20.193,2016-07-31 13:49:47.597,35.49
357,13.74,2016-07-31 23:40:27.027,2016-08-01 13:24:37.890,42.55
358,7.64,2016-08-01 14:00:16.080,2016-08-01 21:38:46.953,39.45
359,7.99,2016-08-03 01:02:03.840,2016-08-03 09:01:24.340,42.13
360,6.32,2016-08-03 09:13:36.117,2016-08-03 15:32:51.477,44.24
361,6.56,2016-08-03 15:32:57.090,2016-08-03 22:06:37.577,39.5
362,5.89,2016-08-03 22:06:42.120,2016-08-04 03:59:53.847,41.07
363,5.8,2016-08-04 04:13:40.413,2016-08-04 10:01:27.160,42.32
364,16.64,2016-08-04 22:18:46.633,2016-08-05 14:56:56.477,42.7
365,32.72,2016-08-05 15:14:37.057,2016-08-06 23:57:40.423,46.13
366,18.6,2016-08-07 00:17:48.303,2016-08-07 18:53:58.343,45.15
367,6.71,2016-08-08 06:23:21.450,2016-08-08 13:05:40.920,39.86
368,6.18,2016-08-08 13:05:44.923,2016-08-08 19:16:44.250,43.55
369,12.62,2016-08-09 04:08:01.463,2016-08-09 16:44:57.107,49.01
370,5.79,2016-08-09 17:00:01.240,2016-08-09 22:47:11.047,31.02
371,6.5,2016-08-09 23:03:35.850,2016-08-10 05:33:39.590,35.13
372,6.97,2016-08-10 06:10:10.407,2016-08-10 13:08:26.950,46.93
373,6.47,2016-08-10 13:15:09.200,2016-08-10 19:43:18.173,48.36
374,6.39,2016-08-10 19:43:24.883,2016-08-11 02:06:36.750,47.17
375,6.98,2016-08-11 02:06:41.000,2016-08-11 09:05:25.047,40.92
376,8.63,2016-08-11 09:31:55.000,2016-08-11 18:09:40.617,41.61
377,6.61,2016-08-11 18:23:57.563,2016-08-12 01:00:25.920,49.06
378,22.8,2016-08-12 05:30:55.143,2016-08-13 04:18:42.067,33.57
379,23.29,2016-08-13 05:06:01.900,2016-08-14 04:23:25.503,31.37
380,7.06,2016-08-17 06:23:40.080,2016-08-17 13:27:00.973,35.21
381,6.38,2016-08-17 13:30:23.813,2016-08-17 19:53:01.230,42.72
382,6.57,2016-08-17 20:25:56.200,2016-08-18 03:00:23.353,34.3
383,24.51,2016-08-18 03:37:28.763,2016-08-19 04:07:58.537,36.59
384,6.21,2016-08-19 04:31:20.580,2016-08-19 10:43:39.357,44.65
385,6.27,2016-08-19 11:46:09.357,2016-08-19 18:02:27.470,37.88
386,5.85,2016-08-19 21:26:35.400,2016-08-20 03:17:23.517,31.92
387,14.13,2016-08-20 05:47:35.260,2016-08-20 19:55:27.570,34.43
388,30.98,2016-08-20 20:14:16.487,2016-08-22 03:13:01.893,37.47
389,7.92,2016-08-22 10:53:28.793,2016-08-22 18:48:48.200,47.88
390,12.42,2016-08-22 19:11:37.980,2016-08-23 07:36:56.080,35.71
391,6.63,2016-08-23 08:03:22.270,2016-08-23 14:41:10.007,39.63
392,7.42,2016-08-23 15:01:04.300,2016-08-23 22:26:08.597,37.07
393,6.06,2016-08-23 22:41:18.080,2016-08-24 04:44:51.020,42.85
394,27.3,2016-08-24 05:24:20.097,2016-08-25 08:42:24.583,38.31
395,7.11,2016-08-25 09:35:48.520,2016-08-25 16:42:36.880,47.32
396,7.43,2016-08-25 16:42:44.747,2016-08-26 00:08:34.530,49.79
397,6.69,2016-08-26 00:08:40.563,2016-08-26 06:49:58.737,42.36
398,22.12,2016-08-26 09:24:07.793,2016-08-27 07:31:23.310,40.55
399,21.64,2016-08-27 08:33:06.380,2016-08-28 06:11:43.910,37.74
400,15.86,2016-08-28 06:11:49.140,2016-08-28 22:03:10.860,33.45
401,7.53,2016-08-29 20:18:15.243,2016-08-30 03:49:51.413,45.68
402,9.65,2016-08-30 03:49:58.780,2016-08-30 13:29:09.890,38.52
403,6.02,2016-08-30 13:43:36.087,2016-08-30 19:45:04.833,35.59
404,6.25,2016-08-30 21:33:05.957,2016-08-31 03:48:07.730,39.86
405,6.85,2016-08-31 04:09:33.780,2016-08-31 11:00:40.497,38.63
406,5.75,2016-08-31 11:26:35.800,2016-08-31 17:11:36.850,43.39
407,5.98,2016-08-31 18:10:36.073,2016-09-01 00:09:26.147,30.74
408,6.33,2016-09-01 12:57:18.487,2016-09-01 19:16:57.447,47.77
409,26.2,2016-09-02 04:55:37.983,2016-09-03 07:07:42.337,37.25
410,21.48,2016-09-03 07:57:04.843,2016-09-04 05:26:09.557,40.39
411,19.21,2016-09-04 05:50:52.093,2016-09-05 01:03:11.003,43.98
412,6.32,2016-09-05 16:27:10.223,2016-09-05 22:46:05.990,34.55
413,6.51,2016-09-05 22:46:09.717,2016-09-06 05:17:02.840,46.97
414,16.33,2016-09-06 09:07:01.970,2016-09-07 01:26:42.433,48.64
415,6.94,2016-09-07 01:26:47.447,2016-09-07 08:23:03.930,48.35
416,14.96,2016-09-07 08:52:08.373,2016-09-07 23:49:44.517,34.74
417,7.96,2016-09-07 23:49:49.170,2016-09-08 07:47:30.720,45.72
418,10.46,2016-09-08 08:21:17.427,2016-09-08 18:48:59.240,38.75
419,15.48,2016-09-09 11:42:59.177,2016-09-10 03:11:30.757,30.74
420,28.36,2016-09-10 03:11:44.077,2016-09-11 07:33:22.033,30.94
421,11.84,2016-09-11 08:02:35.590,2016-09-11 19:52:51.987,36.18
422,21.96,2016-09-11 20:07:45.747,2016-09-12 18:05:13.550,38.64
423,6.7,2016-09-15 05:47:58.793,2016-09-15 12:30:13.870,38.68
424,28.63,2016-09-15 12:30:17.823,2016-09-16 17:08:19.147,41.02
425,6.07,2016-09-16 17:08:22.413,2016-09-16 23:12:28.363,47.61
426,15.27,2016-09-17 02:57:05.530,2016-09-17 18:13:31.170,32.51
427,34.29,2016-09-17 18:31:08.503,2016-09-19 04:48:22.130,35.62
428,6.16,2016-09-19 13:05:19.467,2016-09-19 19:14:57.257,42.45
429,7.93,2016-09-19 19:46:09.100,2016-09-20 03:42:07.507,46.91
430,7.34,2016-09-20 03:42:12.533,2016-09-20 11:02:51.133,45.39
431,6.63,2016-09-20 11:05:36.050,2016-09-20 17:43:12.833,38.34
432,10.79,2016-09-20 17:53:07.933,2016-09-21 04:40:33.417,36.21
433,7.44,2016-09-21 04:41:06.913,2016-09-21 12:07:38.270,47.77
434,6.37,2016-09-21 12:17:13.093,2016-09-21 18:39:11.203,39.21
435,8.77,2016-09-21 18:45:12.337,2016-09-22 03:31:08.540,36.99
436,6.17,2016-09-22 06:00:04.930,2016-09-22 12:10:21.820,42.65
437,4.44,2016-09-22 12:24:09.637,2016-09-22 16:50:17.393,45.45
438,13.46,2016-09-23 15:19:49.787,2016-09-24 04:47:39.513,33.23
439,16.21,2016-09-24 05:09:00.813,2016-09-24 21:21:19.670,41.8
440,14.74,2016-09-24 22:13:50.590,2016-09-25 12:58:10.137,35.01
441,6.65,2016-09-25 21:50:25.727,2016-09-26 04:29:10.243,37.36
442,7.13,2016-09-26 04:29:13.730,2016-09-26 11:37:02.857,40.51
443,6.61,2016-09-26 11:37:07.110,2016-09-26 18:13:51.940,39.66
444,11.72,2016-09-27 00:41:09.667,2016-09-27 12:24:09.983,43.92
445,6.56,2016-09-27 12:24:13.307,2016-09-27 18:58:01.953,49.74
446,6.63,2016-09-27 18:58:06.150,2016-09-28 01:36:04.310,38.56
447,8.72,2016-09-28 01:36:12.787,2016-09-28 10:19:34.480,32.52
448,6.79,2016-09-28 10:19:38.173,2016-09-28 17:06:49.227,32.01
449,8.7,2016-09-28 17:06:53.050,2016-09-29 01:49:10.493,42.47
450,39.7,2016-09-29 01:49:14.973,2016-09-30 17:31:16.040,47.97
451,61.44,2016-09-30 17:31:20.227,2016-10-03 06:57:49.713,48.9
452,42.97,2016-10-01 05:07:43.780,2016-10-03 00:06:13.000,38.58
453,6.87,2016-10-03 00:06:18.547,2016-10-03 06:58:37.430,42.26
454,15.53,2016-10-03 06:58:43.160,2016-10-03 22:30:22.317,36.69
455,6.38,2016-10-03 22:30:28.080,2016-10-04 04:53:12.457,42.56
456,9.32,2016-10-04 04:53:19.177,2016-10-04 14:12:30.967,44.53
457,6.37,2016-10-04 14:12:36.030,2016-10-04 20:34:57.117,44.09
458,6.52,2016-10-04 20:35:02.837,2016-10-05 03:06:19.060,34.0
459,9.21,2016-10-05 03:06:24.113,2016-10-05 12:19:05.390,40.24
460,6.82,2016-10-05 12:19:09.167,2016-10-05 19:08:05.917,47.18
461,7.63,2016-10-05 19:08:09.610,2016-10-06 02:45:45.420,46.32
462,6.8,2016-10-06 02:45:48.067,2016-10-06 09:34:03.540,37.77
463,10.17,2016-10-06 09:34:33.417,2016-10-06 19:44:41.700,39.67
464,13.59,2016-10-06 19:44:46.110,2016-10-07 09:20:06.350,49.69
465,13.26,2016-10-07 09:20:25.550,2016-10-07 22:35:44.170,42.47
466,47.57,2016-10-07 22:36:13.203,2016-10-09 22:10:08.477,40.6
467,7.63,2016-10-09 22:10:14.660,2016-10-10 05:48:16.117,31.99
468,8.65,2016-10-10 05:48:19.647,2016-10-10 14:27:18.423,32.06
469,7.93,2016-10-10 14:27:22.920,2016-10-10 22:23:21.890,43.06
470,28.66,2016-10-10 22:23:29.233,2016-10-12 03:02:51.777,47.27
471,6.61,2016-10-12 03:02:56.077,2016-10-12 09:39:49.413,31.04
472,6.26,2016-10-12 09:39:52.307,2016-10-12 15:55:15.867,46.76
473,11.48,2016-10-12 15:55:19.910,2016-10-13 03:24:20.593,46.8
474,6.09,2016-10-13 03:24:31.617,2016-10-13 09:30:09.460,42.47
475,5.05,2016-10-13 09:30:14.523,2016-10-13 14:33:16.600,34.19
476,32.12,2016-10-13 14:33:38.323,2016-10-14 22:40:54.523,43.67
477,15.53,2016-10-14 22:41:14.240,2016-10-15 14:13:08.830,34.98
478,9.97,2016-10-15 14:13:19.003,2016-10-16 00:11:27.223,48.57
479,29.06,2016-10-16 00:11:33.340,2016-10-17 05:14:56.927,45.6
480,7.54,2016-10-17 05:15:04.460,2016-10-17 12:47:32.907,31.19
481,7.62,2016-10-17 12:47:35.963,2016-10-17 20:24:36.817,31.83
482,12.48,2016-10-17 20:24:40.650,2016-10-18 08:53:14.403,39.13
483,6.6,2016-10-18 08:53:21.900,2016-10-18 15:29:36.230,48.75
484,8.0,2016-10-18 15:29:39.263,2016-10-18 23:29:42.417,46.25
485,6.52,2016-10-18 23:29:46.603,2016-10-19 06:01:00.627,38.06
486,6.39,2016-10-19 06:01:06.863,2016-10-19 12:24:45.330,47.2
487,8.74,2016-10-19 12:24:50.510,2016-10-19 21:09:13.093,36.92
488,6.1,2016-10-19 21:09:22.583,2016-10-20 03:15:07.553,46.25
489,15.75,2016-10-20 03:15:12.840,2016-10-20 19:00:22.570,41.44
490,6.52,2016-10-20 19:00:30.783,2016-10-21 01:31:43.450,38.13
491,16.7,2016-10-21 01:31:47.053,2016-10-21 18:13:49.727,31.95
492,9.2,2016-10-21 18:13:54.020,2016-10-22 03:26:00.907,44.97
493,25.52,2016-10-22 03:26:06.750,2016-10-23 04:57:11.910,35.3
494,10.93,2016-10-23 04:57:18.007,2016-10-23 15:53:10.107,31.18
495,7.4,2016-10-24 12:19:00.800,2016-10-24 19:43:05.613,37.26
496,20.08,2016-10-24 19:43:09.953,2016-10-25 15:48:01.427,48.67
497,8.2,2016-10-25 15:48:10.083,2016-10-26 00:00:23.257,46.47
498,13.93,2016-10-26 00:00:26.653,2016-10-26 13:56:24.367,39.33
499,6.59,2016-10-26 00:01:31.867,2016-10-26 06:37:13.470,43.11
500,8.08,2016-10-26 13:56:29.583,2016-10-26 22:01:24.000,46.58
501,7.13,2016-10-26 22:01:27.710,2016-10-27 05:09:02.227,48.32
502,6.29,2016-10-27 05:09:07.010,2016-10-27 11:26:38.237,45.8
503,6.48,2016-10-27 11:26:44.560,2016-10-27 17:55:40.807,48.84
504,8.48,2016-10-27 17:55:51.050,2016-10-28 02:24:27.987,42.86
505,11.58,2016-10-28 02:24:32.850,2016-10-28 13:59:29.780,34.53
506,42.48,2016-10-28 13:59:35.510,2016-10-30 08:28:28.117,40.28
507,6.34,2016-11-02 11:29:00.697,2016-11-02 17:49:24.983,39.49
508,6.62,2016-11-02 17:49:28.663,2016-11-03 00:26:26.657,30.8
509,6.69,2016-11-03 00:26:31.617,2016-11-03 07:08:10.577,38.88
510,4.58,2016-11-03 09:30:51.227,2016-11-03 14:05:29.513,48.65
511,8.69,2016-11-03 14:05:33.483,2016-11-03 22:47:09.867,34.68
512,5.75,2016-11-03 22:47:15.887,2016-11-04 04:32:20.133,42.29
513,12.96,2016-11-04 04:32:23.783,2016-11-04 17:29:46.770,45.03
514,11.96,2016-11-04 17:29:50.770,2016-11-05 05:27:33.063,49.34
515,15.66,2016-11-05 05:43:29.270,2016-11-05 21:23:04.297,48.49
516,35.39,2016-11-05 21:23:07.780,2016-11-07 08:46:27.153,43.98
517,6.05,2016-11-07 08:46:35.097,2016-11-07 14:49:42.897,46.95
518,24.13,2016-11-07 14:49:45.460,2016-11-08 14:57:29.640,40.86
519,7.46,2016-11-08 14:57:33.523,2016-11-08 22:24:57.287,35.67
520,6.76,2016-11-08 22:25:02.017,2016-11-09 05:10:25.513,33.65
521,8.92,2016-11-09 05:10:35.617,2016-11-09 14:05:36.820,46.52
522,17.0,2016-11-09 14:05:41.503,2016-11-10 07:05:46.617,33.92
523,6.29,2016-11-10 07:05:49.773,2016-11-10 13:23:09.500,45.73
524,14.48,2016-11-10 13:23:13.880,2016-11-11 03:52:17.600,31.74
525,48.82,2016-11-11 03:52:23.997,2016-11-13 04:41:30.100,47.59
526,30.73,2016-11-13 04:41:34.897,2016-11-14 11:25:38.817,42.13
527,6.78,2016-11-14 11:25:43.057,2016-11-14 18:12:32.487,45.21
528,6.55,2016-11-14 18:12:35.390,2016-11-15 00:45:28.777,49.22
529,5.95,2016-11-15 00:45:32.320,2016-11-15 06:42:33.230,43.85
530,6.4,2016-11-15 06:42:37.320,2016-11-15 13:06:32.610,49.45
531,6.56,2016-11-15 13:06:36.083,2016-11-15 19:39:55.903,38.95
532,6.58,2016-11-15 19:39:59.623,2016-11-16 02:14:46.797,45.81
533,6.35,2016-11-16 02:14:51.517,2016-11-16 08:35:40.067,42.99
534,7.31,2016-11-16 08:35:43.570,2016-11-16 15:54:32.460,41.25
535,6.12,2016-11-16 15:54:40.383,2016-11-16 22:02:03.680,49.1
536,5.65,2016-11-16 22:02:07.963,2016-11-17 03:40:53.470,45.76
537,34.86,2016-11-17 03:40:57.920,2016-11-18 14:32:27.963,47.16
538,35.35,2016-11-18 14:32:30.487,2016-11-20 01:53:44.600,43.02
539,8.11,2016-11-20 22:28:59.877,2016-11-21 06:35:31.957,49.21
540,5.89,2016-11-21 06:35:36.217,2016-11-21 12:29:08.137,44.18
541,7.09,2016-11-21 12:29:11.960,2016-11-21 19:34:25.543,39.89
542,7.53,2016-11-21 19:34:30.640,2016-11-22 03:06:10.133,47.24
543,5.9,2016-11-22 03:06:13.957,2016-11-22 09:00:12.407,46.57
544,6.63,2016-11-22 09:00:15.073,2016-11-22 15:38:09.573,34.64
545,6.68,2016-11-22 15:38:13.200,2016-11-22 22:19:03.870,44.82
546,6.48,2016-11-22 22:19:07.007,2016-11-23 04:47:53.173,38.97
547,6.3,2016-11-23 04:47:56.227,2016-11-23 11:06:02.437,34.47
548,8.1,2016-11-23 11:06:05.307,2016-11-23 19:12:03.387,48.62
549,6.81,2016-11-23 19:12:07.280,2016-11-24 02:00:57.183,32.52
550,26.07,2016-11-24 02:01:01.077,2016-11-25 04:05:13.283,40.81
551,18.02,2016-11-25 05:36:02.290,2016-11-25 23:37:06.300,47.96
552,20.62,2016-11-25 23:37:10.570,2016-11-26 20:14:32.650,37.65
553,11.03,2016-11-26 20:14:37.357,2016-11-27 07:16:25.157,36.78
554,31.67,2016-11-27 07:16:31.027,2016-11-28 14:56:39.517,49.72
555,8.9,2016-11-28 18:40:36.457,2016-11-29 03:34:26.560,45.22
556,6.02,2016-11-29 03:34:30.103,2016-11-29 09:35:44.997,49.46
557,6.34,2016-11-29 09:35:49.957,2016-11-29 15:56:26.797,36.87
558,6.81,2016-11-29 15:56:31.287,2016-11-29 22:45:15.833,49.08
559,7.16,2016-11-29 22:45:20.363,2016-11-30 05:54:58.903,34.75
560,10.74,2016-11-30 05:55:02.600,2016-11-30 16:39:27.757,47.04
561,8.37,2016-11-30 16:39:31.613,2016-12-01 01:01:58.383,32.84
562,6.51,2016-12-01 01:02:01.967,2016-12-01 07:32:41.037,30.48
563,5.93,2016-12-01 10:07:53.487,2016-12-01 16:03:44.247,39.3
564,6.86,2016-12-01 16:03:47.580,2016-12-01 22:55:33.830,35.77
565,6.06,2016-12-01 22:55:38.727,2016-12-02 04:59:08.780,35.23
566,29.73,2016-12-02 04:59:13.273,2016-12-03 10:43:17.700,31.18
567,29.72,2016-12-03 10:43:23.357,2016-12-04 16:26:43.527,44.15
568,5.91,2016-12-05 17:12:38.680,2016-12-05 23:07:02.040,39.51
569,7.99,2016-12-05 23:07:06.487,2016-12-06 07:06:46.320,41.26
570,23.14,2016-12-06 07:06:52.197,2016-12-07 06:15:22.003,49.91
571,12.11,2016-12-07 06:15:27.013,2016-12-07 18:21:52.573,38.06
572,6.19,2016-12-07 18:21:58.140,2016-12-08 00:33:10.333,35.26
573,6.05,2016-12-08 00:33:18.203,2016-12-08 06:36:22.360,40.64
574,13.77,2016-12-08 06:36:25.577,2016-12-08 20:22:48.170,37.59
575,6.95,2016-12-08 20:22:52.687,2016-12-09 03:19:35.180,31.02
576,21.01,2016-12-09 03:19:59.907,2016-12-10 00:20:44.303,44.87
577,11.01,2016-12-10 00:20:48.083,2016-12-10 11:21:28.180,43.36
578,21.37,2016-12-10 11:21:34.310,2016-12-11 08:43:55.503,33.46
579,11.09,2016-12-12 03:22:21.587,2016-12-12 14:27:32.930,45.48
580,7.7,2016-12-12 14:27:35.603,2016-12-12 22:09:22.860,49.0
581,8.5,2016-12-12 22:09:27.100,2016-12-13 06:39:25.873,45.94
582,6.9,2016-12-13 06:39:32.963,2016-12-13 13:33:39.433,40.55
583,12.84,2016-12-13 13:33:43.323,2016-12-14 02:24:11.153,46.83
584,6.84,2016-12-14 02:24:15.077,2016-12-14 09:14:36.220,44.37
585,7.52,2016-12-14 09:14:52.920,2016-12-14 16:45:59.620,45.93
586,6.53,2016-12-14 16:46:04.177,2016-12-14 23:18:03.923,35.4
587,6.15,2016-12-14 23:18:08.177,2016-12-15 05:27:04.230,31.17
588,10.0,2016-12-15 05:27:08.200,2016-12-15 15:27:11.917,37.5
589,10.44,2016-12-16 06:50:25.290,2016-12-16 17:17:05.000,41.85
590,15.29,2016-12-16 17:17:07.700,2016-12-17 08:34:23.827,43.29
591,25.88,2016-12-17 08:34:28.890,2016-12-18 10:27:16.900,44.09
592,5.73,2016-12-19 17:31:00.093,2016-12-19 23:14:35.100,40.62
593,8.14,2016-12-19 23:14:39.203,2016-12-20 07:23:10.700,47.26
594,6.55,2016-12-20 07:23:14.170,2016-12-20 13:56:25.553,46.64
595,6.24,2016-12-20 13:56:30.963,2016-12-20 20:11:00.977,47.14
596,6.37,2016-12-20 20:11:07.860,2016-12-21 02:33:15.197,38.62
597,10.9,2016-12-21 02:33:18.240,2016-12-21 13:27:08.443,48.87
598,9.06,2016-12-21 13:27:13.313,2016-12-21 22:30:41.820,48.35
599,21.43,2016-12-21 22:31:14.153,2016-12-22 19:57:03.327,34.61
600,0.24,2016-12-22 19:57:09.680,2016-12-22 20:11:44.577,41.41
601,247.71,2016-12-22 20:18:23.277,2017-01-02 04:00:55.123,48.38
602,22.92,2017-01-02 04:00:58.067,2017-01-03 02:56:10.183,43.07
603,6.05,2017-01-03 02:56:16.273,2017-01-03 08:58:59.137,31.85
604,7.64,2017-01-03 08:59:07.197,2017-01-03 16:37:31.753,37.36
605,8.34,2017-01-03 16:37:37.360,2017-01-04 00:58:18.027,34.35
606,6.64,2017-01-04 00:58:22.550,2017-01-04 07:36:49.563,33.91
607,6.17,2017-01-04 07:36:54.273,2017-01-04 13:47:04.077,43.59
608,5.93,2017-01-04 13:47:08.783,2017-01-04 19:42:40.690,38.51
609,7.78,2017-01-04 19:42:44.170,2017-01-05 03:29:19.367,33.56
610,8.44,2017-01-05 03:29:23.750,2017-01-05 11:55:38.167,33.93
611,7.73,2017-01-05 11:55:42.370,2017-01-05 19:39:12.560,31.12
612,5.94,2017-01-05 19:39:15.587,2017-01-06 01:35:53.223,46.38
613,23.83,2017-01-06 01:35:57.777,2017-01-07 01:25:48.467,44.68
614,11.28,2017-01-07 01:25:57.313,2017-01-07 12:42:44.610,36.12
615,23.84,2017-01-07 12:42:49.160,2017-01-08 12:33:20.130,43.24
616,8.31,2017-01-08 22:45:32.130,2017-01-09 07:04:00.447,30.03
617,20.88,2017-01-09 07:04:04.877,2017-01-10 03:56:39.527,49.09
618,7.05,2017-01-10 03:56:42.263,2017-01-10 10:59:36.737,46.88
619,7.05,2017-01-10 10:59:40.873,2017-01-10 18:02:33.983,34.34
620,6.04,2017-01-10 18:02:37.247,2017-01-11 00:04:45.317,48.59
621,6.62,2017-01-11 00:04:49.690,2017-01-11 06:41:59.777,46.8
622,6.87,2017-01-11 06:42:02.887,2017-01-11 13:34:03.893,46.49
623,7.47,2017-01-11 13:34:11.993,2017-01-11 21:02:30.573,31.35
624,6.59,2017-01-11 21:02:39.627,2017-01-12 03:37:57.857,49.17
625,6.5,2017-01-12 03:38:01.450,2017-01-12 10:07:45.600,40.05
626,7.17,2017-01-12 10:07:49.123,2017-01-12 17:18:18.733,49.21
627,6.73,2017-01-12 17:18:28.500,2017-01-13 00:02:20.060,49.25
628,28.55,2017-01-13 00:02:26.073,2017-01-14 04:35:39.413,32.16
629,12.17,2017-01-14 04:35:47.527,2017-01-14 16:46:15.680,35.06
630,30.35,2017-01-14 16:46:34.913,2017-01-15 23:07:37.750,47.05
631,7.33,2017-01-16 10:50:50.163,2017-01-16 18:10:27.853,49.52
632,18.6,2017-01-16 18:10:31.190,2017-01-17 12:46:41.597,48.6
633,9.87,2017-01-17 00:38:52.077,2017-01-17 10:31:18.970,41.73
634,6.43,2017-01-17 10:31:23.197,2017-01-17 16:57:25.080,46.13
635,9.27,2017-01-17 16:57:28.123,2017-01-18 02:13:44.050,48.46
636,7.12,2017-01-18 02:13:47.630,2017-01-18 09:21:05.163,37.16
637,10.99,2017-01-18 09:21:08.977,2017-01-18 20:20:19.477,41.78
638,36.7,2017-01-18 20:20:23.953,2017-01-20 09:02:16.127,32.16
639,12.69,2017-01-20 09:02:24.867,2017-01-20 21:43:46.580,45.77
640,20.46,2017-01-20 21:45:15.893,2017-01-21 18:12:54.693,43.34
641,44.02,2017-01-21 18:12:58.603,2017-01-23 14:14:23.657,36.93
642,23.95,2017-01-23 14:14:29.653,2017-01-24 14:11:28.253,39.66
643,11.98,2017-01-23 20:18:29.350,2017-01-24 08:17:12.160,34.64
644,7.82,2017-01-23 23:58:52.610,2017-01-24 07:48:05.507,48.59
645,6.93,2017-01-24 14:11:32.490,2017-01-24 21:07:05.833,43.5
646,6.74,2017-01-24 21:09:27.160,2017-01-25 03:53:53.367,40.45
647,9.63,2017-01-25 03:53:56.823,2017-01-25 13:31:33.680,32.46
648,7.92,2017-01-25 13:31:37.797,2017-01-25 21:26:38.560,36.54
649,7.21,2017-01-25 21:26:42.693,2017-01-26 04:39:22.830,49.82
650,9.15,2017-01-26 04:39:26.273,2017-01-26 13:48:09.910,48.53
651,30.4,2017-01-26 13:48:19.987,2017-01-27 20:12:05.290,38.56
652,9.27,2017-01-29 16:01:56.607,2017-01-30 01:18:06.573,39.87
653,7.25,2017-01-30 01:18:12.497,2017-01-30 08:33:01.553,40.15
654,7.24,2017-01-30 08:33:09.050,2017-01-30 15:47:37.503,45.63
655,7.31,2017-01-30 15:47:41.437,2017-01-30 23:06:04.343,37.17
656,6.48,2017-01-30 23:06:08.460,2017-01-31 05:35:08.540,32.91
657,7.71,2017-01-31 05:35:13.933,2017-01-31 13:17:40.233,32.08
658,9.73,2017-01-31 13:17:43.123,2017-01-31 23:01:32.117,38.27
659,8.12,2017-01-31 23:01:37.910,2017-02-01 07:08:48.597,48.51
660,8.67,2017-02-01 07:08:52.017,2017-02-01 15:48:54.967,49.45
661,7.24,2017-02-01 15:48:58.370,2017-02-01 23:03:14.017,40.16
662,6.26,2017-02-01 23:03:17.700,2017-02-02 05:18:35.923,49.13
663,6.41,2017-02-02 05:18:40.867,2017-02-02 11:43:21.983,38.05
664,6.34,2017-02-02 11:43:25.477,2017-02-02 18:03:34.983,47.1
665,8.45,2017-02-02 18:03:41.333,2017-02-03 02:30:52.910,46.39
666,18.29,2017-02-03 02:30:59.133,2017-02-03 20:48:39.040,33.03
667,14.59,2017-02-03 20:48:44.767,2017-02-04 11:24:23.890,33.76
668,48.47,2017-02-04 11:24:28.393,2017-02-06 11:52:36.650,35.26
669,8.17,2017-02-06 13:57:18.583,2017-02-06 22:07:24.900,40.32
670,7.35,2017-02-06 22:07:28.810,2017-02-07 05:28:19.677,43.98
671,7.23,2017-02-07 05:28:22.503,2017-02-07 12:42:08.253,41.81
672,5.94,2017-02-07 12:42:11.520,2017-02-07 18:38:42.860,46.74
673,14.37,2017-02-07 18:38:46.953,2017-02-08 09:00:48.473,32.8
674,9.58,2017-02-08 09:00:51.447,2017-02-08 18:35:50.157,45.46
675,6.89,2017-02-08 18:35:56.077,2017-02-09 01:29:33.460,43.76
676,11.08,2017-02-09 01:29:41.110,2017-02-09 12:34:43.230,48.66
677,11.97,2017-02-09 12:34:54.190,2017-02-10 00:33:13.020,42.29
678,12.74,2017-02-10 00:33:16.200,2017-02-10 13:17:37.813,47.54
679,16.06,2017-02-10 13:17:45.763,2017-02-11 05:21:14.037,39.94
680,71.01,2017-02-11 05:21:17.227,2017-02-14 04:22:03.680,30.93
681,7.79,2017-02-12 21:03:49.237,2017-02-13 04:51:18.000,45.42
682,6.5,2017-02-13 04:51:22.473,2017-02-13 11:21:25.307,35.08
683,9.37,2017-02-13 11:21:28.827,2017-02-13 20:43:42.457,41.66
684,6.09,2017-02-13 20:43:53.370,2017-02-14 02:49:18.900,43.16
685,6.84,2017-02-14 02:49:26.953,2017-02-14 09:40:00.780,41.21
686,9.71,2017-02-15 04:35:58.027,2017-02-15 14:18:37.373,38.48
687,7.72,2017-02-15 14:18:48.137,2017-02-15 22:01:58.293,42.14
688,7.01,2017-02-15 22:02:03.980,2017-02-16 05:02:35.540,38.84
689,14.04,2017-02-16 05:02:38.590,2017-02-16 19:04:51.353,42.72
690,7.99,2017-02-16 19:04:54.963,2017-02-17 03:04:26.397,48.64
691,13.82,2017-02-17 03:04:29.323,2017-02-17 16:53:48.617,35.63
692,17.38,2017-02-17 16:53:51.897,2017-02-18 10:16:24.663,46.15
693,26.71,2017-02-18 10:16:33.053,2017-02-19 12:59:00.463,39.5
694,6.82,2017-02-20 00:04:48.393,2017-02-20 06:54:18.270,31.24
695,11.04,2017-02-20 06:54:21.193,2017-02-20 17:56:56.540,32.41
696,7.8,2017-02-20 17:57:02.083,2017-02-21 01:45:11.540,40.13
697,6.08,2017-02-21 01:45:15.733,2017-02-21 07:49:52.303,49.32
698,6.23,2017-02-21 07:49:54.740,2017-02-21 14:03:46.053,30.66
699,19.77,2017-02-21 14:03:50.623,2017-02-22 09:50:04.347,40.76
700,9.21,2017-02-24 02:40:59.577,2017-02-24 11:53:20.383,30.57
701,7.67,2017-02-24 11:53:28.503,2017-02-24 19:33:31.117,34.89
702,19.87,2017-02-24 19:33:41.770,2017-02-25 15:26:05.450,49.45
703,34.59,2017-02-25 15:26:10.323,2017-02-27 02:01:44.047,32.77
704,6.66,2017-02-27 03:13:15.183,2017-02-27 09:52:48.857,31.0
705,6.7,2017-02-27 09:52:51.960,2017-02-27 16:34:51.867,38.42
706,19.27,2017-02-27 16:34:56.793,2017-02-28 11:51:09.347,32.38
707,6.1,2017-02-28 11:51:13.567,2017-02-28 17:57:12.460,36.62
708,6.02,2017-02-28 17:57:15.653,2017-02-28 23:58:43.910,36.69
709,10.3,2017-02-28 23:58:54.110,2017-03-01 10:16:42.617,47.23
710,7.57,2017-03-01 10:16:46.020,2017-03-01 17:51:10.587,43.27
711,6.39,2017-03-01 17:51:14.370,2017-03-02 00:14:23.423,34.99
712,5.58,2017-03-02 00:14:27.630,2017-03-02 05:49:13.467,47.4
713,5.83,2017-03-02 05:49:16.587,2017-03-02 11:39:19.387,44.29
714,6.76,2017-03-02 11:39:26.280,2017-03-02 18:25:08.817,35.66
715,10.78,2017-03-02 18:25:13.607,2017-03-03 05:11:58.980,41.55
716,16.33,2017-03-03 05:12:03.740,2017-03-03 21:31:39.503,48.6
717,18.01,2017-03-03 21:31:44.440,2017-03-04 15:32:10.983,35.76
718,21.59,2017-03-04 15:32:17.307,2017-03-05 13:07:39.740,47.28
719,6.66,2017-03-05 23:44:59.157,2017-03-06 06:24:26.520,37.12
720,6.93,2017-03-06 06:24:29.517,2017-03-06 13:20:08.453,38.67
721,5.92,2017-03-06 13:20:15.740,2017-03-06 19:15:15.323,34.17
722,9.78,2017-03-06 19:15:23.243,2017-03-07 05:02:21.093,39.17
723,6.4,2017-03-07 05:02:27.133,2017-03-07 11:26:14.310,34.16
724,6.28,2017-03-07 11:26:19.740,2017-03-07 17:42:52.167,35.23
725,12.82,2017-03-07 17:43:00.903,2017-03-08 06:32:15.333,37.8
726,6.58,2017-03-08 06:32:18.773,2017-03-08 13:07:10.113,47.86
727,17.5,2017-03-08 13:07:14.707,2017-03-09 06:37:02.227,31.21
728,6.54,2017-03-09 06:37:05.713,2017-03-09 13:09:28.213,43.15
729,11.78,2017-03-09 13:09:35.207,2017-03-10 00:56:25.940,37.87
730,45.88,2017-03-10 00:56:37.287,2017-03-11 22:49:21.990,37.75
731,6.09,2017-03-12 15:40:54.980,2017-03-12 21:46:17.040,41.57
732,6.72,2017-03-12 21:46:21.537,2017-03-13 04:29:29.107,30.83
733,6.48,2017-03-13 04:29:36.320,2017-03-13 10:58:10.313,36.3
734,7.59,2017-03-13 10:58:17.340,2017-03-13 18:33:23.657,33.75
735,6.33,2017-03-13 18:33:28.540,2017-03-14 00:53:29.697,45.6
736,9.63,2017-03-14 00:53:34.110,2017-03-14 10:31:07.950,46.62
737,7.1,2017-03-14 10:31:13.523,2017-03-14 17:37:31.327,46.95
738,6.8,2017-03-14 17:37:35.427,2017-03-15 00:25:19.890,49.04
739,20.94,2017-03-15 00:25:23.877,2017-03-15 21:21:33.313,44.71
740,14.83,2017-03-15 21:21:38.940,2017-03-16 12:11:38.687,33.36
741,6.83,2017-03-16 12:11:43.550,2017-03-16 19:01:45.577,44.22
742,20.47,2017-03-16 19:01:49.790,2017-03-17 15:30:06.530,37.26
743,45.33,2017-03-17 15:30:12.180,2017-03-19 12:50:07.577,46.67
744,6.25,2017-03-20 04:55:55.787,2017-03-20 11:10:41.503,43.34
745,6.83,2017-03-20 11:10:45.130,2017-03-20 18:00:15.573,31.58
746,7.01,2017-03-20 18:00:19.867,2017-03-21 01:01:12.643,48.78
747,6.53,2017-03-21 01:01:17.330,2017-03-21 07:33:00.423,41.31
748,6.85,2017-03-21 07:33:04.760,2017-03-21 14:24:08.730,30.65
749,6.33,2017-03-21 14:24:16.983,2017-03-21 20:44:07.103,39.42
750,5.94,2017-03-21 20:44:14.653,2017-03-22 02:40:38.430,39.91
751,7.19,2017-03-22 02:40:43.193,2017-03-22 09:52:03.970,33.62
752,6.79,2017-03-22 09:52:06.620,2017-03-22 16:39:48.103,31.1
753,7.04,2017-03-22 16:39:53.140,2017-03-22 23:42:15.577,45.58
754,6.0,2017-03-22 23:42:19.010,2017-03-23 05:42:05.610,41.02
755,6.78,2017-03-23 05:42:08.267,2017-03-23 12:29:11.180,36.73
756,10.98,2017-03-23 12:29:14.243,2017-03-23 23:27:45.850,46.76
757,6.85,2017-03-23 23:27:49.510,2017-03-24 06:19:00.817,39.63
758,30.06,2017-03-24 07:36:07.050,2017-03-25 13:40:00.020,38.3
759,32.2,2017-03-25 13:40:05.787,2017-03-26 21:52:16.967,34.82
760,9.81,2017-03-26 21:52:21.793,2017-03-27 07:40:50.987,46.72
761,14.73,2017-03-27 07:40:53.763,2017-03-27 22:24:59.350,31.48
762,29.79,2017-03-27 22:25:05.377,2017-03-29 04:12:27.370,49.72
763,10.52,2017-03-28 10:49:49.187,2017-03-28 21:21:13.287,43.94
764,8.52,2017-03-29 04:12:31.230,2017-03-29 12:43:34.393,34.11
765,8.61,2017-03-29 12:43:37.260,2017-03-29 21:20:28.403,41.97
766,7.27,2017-03-29 21:20:33.427,2017-03-30 04:36:45.127,45.0
767,7.0,2017-03-30 04:36:51.057,2017-03-30 11:37:02.940,35.72
768,8.9,2017-03-30 11:37:05.480,2017-03-30 20:31:21.680,36.21
769,29.38,2017-03-30 20:31:34.970,2017-04-01 01:54:39.300,41.14
770,50.14,2017-04-01 01:54:42.713,2017-04-03 04:03:21.247,44.67
771,7.65,2017-04-03 04:03:24.500,2017-04-03 11:42:24.350,47.84
772,7.62,2017-04-03 11:42:27.030,2017-04-03 19:19:23.497,39.37
773,9.22,2017-04-03 19:19:27.667,2017-04-04 04:32:51.063,48.74
774,9.13,2017-04-04 04:32:55.310,2017-04-04 13:40:46.577,39.56
775,5.23,2017-04-04 13:40:49.497,2017-04-04 18:54:25.280,43.21
776,13.17,2017-04-04 18:54:27.940,2017-04-05 08:04:35.960,46.71
777,13.3,2017-04-05 08:17:37.800,2017-04-05 21:35:29.120,36.68
778,13.77,2017-04-05 21:35:32.590,2017-04-06 11:21:56.030,30.07
779,16.77,2017-04-06 11:21:59.243,2017-04-07 04:08:02.703,48.18
780,22.65,2017-04-07 04:08:06.173,2017-04-08 02:47:05.320,39.33
781,41.63,2017-04-08 02:47:08.397,2017-04-09 20:24:46.623,45.47
782,23.25,2017-04-09 20:24:51.963,2017-04-10 19:40:00.767,35.8
783,19.38,2017-04-10 14:58:10.320,2017-04-11 10:20:47.230,39.57
784,8.88,2017-04-11 01:27:58.167,2017-04-11 10:20:58.857,36.84
785,7.95,2017-04-11 10:21:03.837,2017-04-11 18:18:05.603,33.93
786,69.92,2017-04-11 18:18:08.893,2017-04-14 16:13:31.740,45.83
787,10.74,2017-04-12 00:18:39.187,2017-04-12 11:02:55.310,48.68
788,22.23,2017-04-12 11:02:58.277,2017-04-13 09:16:28.760,34.81
789,6.93,2017-04-13 09:16:32.507,2017-04-13 16:12:03.793,40.78
790,9.67,2017-04-13 16:12:07.907,2017-04-14 01:52:30.327,45.53
791,7.68,2017-04-14 01:52:33.410,2017-04-14 09:33:28.773,31.77
792,45.77,2017-04-14 09:33:32.723,2017-04-16 07:19:41.047,44.01
793,15.11,2017-04-14 16:13:39.830,2017-04-15 07:20:23.867,34.45
794,8.3,2017-04-15 07:20:27.840,2017-04-15 15:38:25.013,35.37
795,6.99,2017-04-16 07:19:46.373,2017-04-16 14:19:09.587,45.19
796,7.64,2017-04-18 03:39:26.287,2017-04-18 11:17:41.567,34.14
797,19.61,2017-04-18 11:17:44.707,2017-04-19 06:54:08.593,36.81
798,8.61,2017-04-18 22:42:23.323,2017-04-19 07:18:43.487,38.1
799,22.84,2017-04-19 07:18:48.650,2017-04-20 06:09:08.470,33.59
800,11.51,2017-04-20 06:09:14.250,2017-04-20 17:40:06.067,48.95
801,8.19,2017-04-20 17:40:10.440,2017-04-21 01:51:25.557,42.48
802,7.74,2017-04-21 01:51:31.497,2017-04-21 09:36:04.103,35.79
803,7.58,2017-04-21 09:36:07.060,2017-04-21 17:10:53.560,43.08
804,60.55,2017-04-21 17:11:25.350,2017-04-24 05:44:36.213,49.44
805,12.5,2017-04-23 08:56:35.563,2017-04-23 21:26:43.903,49.33
806,8.28,2017-04-24 05:44:45.473,2017-04-24 14:01:28.893,39.47
807,16.46,2017-04-24 14:01:32.353,2017-04-25 06:28:59.793,37.66
808,8.18,2017-04-25 06:29:03.147,2017-04-25 14:40:05.637,48.31
809,8.89,2017-04-25 14:40:08.253,2017-04-25 23:33:44.097,35.74
810,9.05,2017-04-25 23:33:47.833,2017-04-26 08:36:56.907,38.15
811,7.66,2017-04-26 08:37:01.760,2017-04-26 16:16:41.860,32.24
812,8.06,2017-04-26 16:16:44.760,2017-04-27 00:20:37.840,46.1
813,8.7,2017-04-27 00:20:40.637,2017-04-27 09:02:54.630,49.33
814,18.14,2017-04-27 09:03:11.453,2017-04-28 03:11:45.043,47.47
815,9.82,2017-04-28 03:11:47.633,2017-04-28 13:00:54.547,31.97
816,15.65,2017-04-28 13:01:00.283,2017-04-29 04:40:06.717,36.25
817,29.05,2017-04-29 04:40:10.687,2017-04-30 09:43:20.693,49.7
818,6.66,2017-05-02 05:36:33.767,2017-05-02 12:15:53.713,34.98
819,12.71,2017-05-02 12:15:56.233,2017-05-03 00:58:34.657,38.05
820,27.89,2017-05-03 00:58:38.530,2017-05-04 04:52:05.177,39.74
821,7.98,2017-05-04 04:52:08.257,2017-05-04 12:51:05.330,44.5
822,9.53,2017-05-04 12:51:08.653,2017-05-04 22:22:54.107,44.25
823,7.43,2017-05-04 22:22:58.270,2017-05-05 05:49:04.207,36.48
824,8.9,2017-05-05 05:49:07.227,2017-05-05 14:42:53.053,31.33
825,13.99,2017-05-05 14:42:57.980,2017-05-06 04:42:31.047,40.02
826,35.13,2017-05-06 04:42:35.120,2017-05-07 15:50:15.477,32.36
827,9.37,2017-05-07 15:50:19.730,2017-05-08 01:12:42.310,44.9
828,8.38,2017-05-08 01:12:47.500,2017-05-08 09:35:38.437,31.35
829,9.26,2017-05-08 09:35:42.340,2017-05-08 18:51:33.763,48.79
830,8.89,2017-05-08 18:51:36.780,2017-05-09 03:45:12.433,47.22
831,14.21,2017-05-09 03:45:15.713,2017-05-09 17:57:41.483,38.68
832,7.04,2017-05-09 17:57:44.650,2017-05-10 00:59:58.637,38.94
833,7.47,2017-05-10 01:00:02.937,2017-05-10 08:28:21.470,38.33
834,7.44,2017-05-10 08:28:23.660,2017-05-10 15:54:55.457,49.7
835,15.02,2017-05-10 15:54:58.573,2017-05-11 06:56:16.160,38.1
836,11.8,2017-05-11 08:12:03.633,2017-05-11 20:00:12.143,43.15
837,8.36,2017-05-11 20:00:15.603,2017-05-12 04:21:34.113,40.02
838,8.68,2017-05-12 04:21:36.563,2017-05-12 13:02:20.713,39.55
839,40.56,2017-05-12 13:02:23.310,2017-05-14 05:35:49.823,35.7
840,7.48,2017-05-14 18:09:44.340,2017-05-15 01:38:22.357,41.17
841,9.66,2017-05-15 01:38:31.420,2017-05-15 11:17:55.727,45.44
842,8.06,2017-05-15 11:17:58.600,2017-05-15 19:21:21.503,42.86
843,8.76,2017-05-15 19:21:24.873,2017-05-16 04:06:53.923,47.88
844,17.01,2017-05-16 04:07:04.090,2017-05-16 21:07:28.407,47.3
845,7.7,2017-05-16 21:07:42.000,2017-05-17 04:49:44.360,30.22
846,8.14,2017-05-17 04:49:46.813,2017-05-17 12:57:55.843,37.32
847,8.55,2017-05-17 12:57:59.147,2017-05-17 21:31:02.110,33.76
848,9.29,2017-05-17 21:31:08.410,2017-05-18 06:48:33.117,31.22
849,7.87,2017-05-18 06:48:39.957,2017-05-18 14:40:36.547,39.66
850,7.89,2017-05-18 14:40:39.510,2017-05-18 22:34:21.337,35.85
851,6.26,2017-05-18 22:34:25.363,2017-05-19 04:50:09.843,35.66
852,27.74,2017-05-19 04:50:20.733,2017-05-20 08:34:59.490,43.0
853,17.85,2017-05-20 08:35:03.387,2017-05-21 02:26:13.560,39.96
854,7.52,2017-05-21 21:34:52.947,2017-05-22 05:06:09.957,46.21
855,10.11,2017-05-22 05:06:12.820,2017-05-22 15:12:48.330,41.16
856,8.43,2017-05-22 15:12:51.260,2017-05-22 23:38:54.560,34.49
857,8.59,2017-05-22 23:38:57.573,2017-05-23 08:14:21.953,30.82
858,11.36,2017-05-23 08:14:31.183,2017-05-23 19:35:55.263,48.09
859,7.21,2017-05-23 19:35:58.953,2017-05-24 02:48:39.193,35.69
860,41.86,2017-05-27 04:17:35.817,2017-05-28 22:09:03.290,45.41
861,8.28,2017-05-28 22:09:08.050,2017-05-29 06:25:58.790,36.35
862,12.36,2017-05-29 06:26:04.120,2017-05-29 18:47:39.610,32.67
863,9.55,2017-05-29 18:47:43.317,2017-05-30 04:20:51.013,32.44
864,7.28,2017-05-30 04:20:53.447,2017-05-30 11:37:29.210,49.11
865,7.4,2017-05-30 11:37:31.803,2017-05-30 19:01:20.810,48.06
866,8.82,2017-05-30 19:01:25.003,2017-05-31 03:50:53.020,48.61
867,8.8,2017-05-31 03:50:56.910,2017-05-31 12:38:59.427,45.02
868,7.78,2017-05-31 12:39:02.163,2017-05-31 20:26:04.810,43.78
869,12.47,2017-05-31 20:26:08.640,2017-06-01 08:54:32.393,39.06
870,9.34,2017-06-01 08:54:35.337,2017-06-01 18:14:42.197,47.66
871,10.77,2017-06-01 18:14:45.560,2017-06-02 05:00:46.390,35.23
872,7.28,2017-06-02 05:00:50.433,2017-06-02 12:17:49.050,38.58
873,20.41,2017-06-02 12:17:53.133,2017-06-03 08:42:33.790,33.95
874,66.28,2017-06-03 08:42:38.077,2017-06-06 02:59:42.410,47.03
875,8.11,2017-06-06 02:59:45.637,2017-06-06 11:06:17.350,47.62
876,13.17,2017-06-06 11:06:20.897,2017-06-07 00:16:16.470,36.83
877,9.19,2017-06-07 00:16:19.670,2017-06-07 09:27:27.027,34.8
878,11.65,2017-06-07 09:27:31.273,2017-06-07 21:06:31.563,32.98
879,8.45,2017-06-07 21:06:35.077,2017-06-08 05:33:39.767,30.64
880,31.13,2017-06-08 05:33:42.157,2017-06-09 12:41:40.720,39.74
881,7.85,2017-06-09 12:41:43.433,2017-06-09 20:32:51.413,38.31
882,15.89,2017-06-09 20:32:54.847,2017-06-10 12:26:29.623,42.9
883,23.32,2017-06-10 12:26:35.300,2017-06-11 11:45:45.413,48.23
884,7.52,2017-06-11 22:00:25.410,2017-06-12 05:31:47.763,45.64
885,7.52,2017-06-12 05:31:50.693,2017-06-12 13:03:16.330,45.72
886,9.84,2017-06-12 13:03:18.590,2017-06-12 22:53:37.923,31.06
887,8.55,2017-06-12 22:53:41.373,2017-06-13 07:26:25.857,31.96
888,9.87,2017-06-13 07:26:28.950,2017-06-13 17:18:50.570,39.03
889,8.95,2017-06-13 17:18:54.573,2017-06-14 02:16:07.277,40.42
890,7.15,2017-06-14 02:16:10.683,2017-06-14 09:24:58.483,40.55
891,8.77,2017-06-14 09:25:00.763,2017-06-14 18:11:07.270,48.65
892,37.26,2017-06-14 18:11:14.917,2017-06-16 07:27:07.923,37.46
893,8.2,2017-06-15 15:38:54.357,2017-06-15 23:50:45.150,30.75
894,8.6,2017-06-16 07:27:11.947,2017-06-16 16:03:08.907,31.64
895,8.55,2017-06-16 16:03:12.037,2017-06-17 00:36:25.937,49.18
896,21.26,2017-06-17 00:36:29.827,2017-06-17 21:52:03.237,32.62
897,29.35,2017-06-17 21:52:07.780,2017-06-19 03:13:09.340,47.88
898,26.4,2017-06-19 03:13:14.647,2017-06-20 05:37:27.820,37.36
899,9.56,2017-06-19 05:15:58.743,2017-06-19 14:49:29.427,42.83
900,7.56,2017-06-19 14:49:34.377,2017-06-19 22:23:19.917,30.67
901,6.77,2017-06-20 05:37:31.083,2017-06-20 12:23:54.733,37.04
902,9.93,2017-06-20 12:23:57.430,2017-06-20 22:19:43.447,47.33
903,8.14,2017-06-20 22:20:31.713,2017-06-21 06:29:04.047,31.46
904,20.68,2017-06-21 06:29:06.750,2017-06-22 03:10:08.293,46.33
905,6.99,2017-06-22 03:10:12.077,2017-06-22 10:09:45.387,36.69
906,8.57,2017-06-22 10:09:48.137,2017-06-22 18:43:51.247,48.94
907,7.73,2017-06-22 18:43:54.090,2017-06-23 02:27:26.553,40.51
908,8.19,2017-06-23 02:27:30.970,2017-06-23 10:38:43.497,32.34
909,16.02,2017-06-23 10:38:46.470,2017-06-24 02:39:49.957,37.19
910,30.94,2017-06-24 02:39:59.290,2017-06-25 09:36:10.940,42.08
911,12.0,2017-06-26 06:06:49.980,2017-06-26 18:06:57.450,38.2
912,13.77,2017-06-26 18:07:00.357,2017-06-27 07:53:06.310,39.93
913,10.32,2017-06-27 07:53:11.583,2017-06-27 18:12:13.220,40.63
914,9.56,2017-06-27 18:12:15.927,2017-06-28 03:46:08.177,40.48
915,8.95,2017-06-28 03:46:11.243,2017-06-28 12:43:24.010,47.56
916,9.45,2017-06-28 12:43:27.393,2017-06-28 22:10:32.717,35.25
917,10.88,2017-06-28 22:10:37.290,2017-06-29 09:03:07.563,40.33
918,9.84,2017-06-29 09:03:13.080,2017-06-29 18:53:25.117,44.17
919,14.39,2017-06-29 18:53:27.657,2017-06-30 09:16:47.733,47.06
920,38.24,2017-06-30 09:16:50.740,2017-07-01 23:31:16.863,44.01
921,27.57,2017-07-01 23:31:24.137,2017-07-03 03:05:22.243,32.9
922,22.88,2017-07-03 03:05:26.607,2017-07-04 01:58:11.837,37.08
923,10.97,2017-07-03 07:40:02.857,2017-07-03 18:38:01.220,46.22
924,20.52,2017-07-04 01:58:15.060,2017-07-04 22:29:13.803,42.48
925,7.36,2017-07-04 22:29:16.507,2017-07-05 05:50:52.747,38.71
926,20.62,2017-07-05 05:50:55.723,2017-07-06 02:27:57.723,45.7
927,6.38,2017-07-06 02:28:01.483,2017-07-06 08:50:38.750,46.02
928,3.93,2017-07-06 08:50:41.607,2017-07-06 12:46:30.970,45.34
929,13.13,2017-07-06 12:46:34.410,2017-07-07 01:54:14.937,40.2
930,11.49,2017-07-07 01:54:17.383,2017-07-07 13:23:24.423,38.07
931,20.62,2017-07-07 13:23:27.593,2017-07-08 10:00:37.580,39.68
932,40.86,2017-07-08 10:00:47.450,2017-07-10 02:52:40.723,37.92
933,7.84,2017-07-09 22:32:12.303,2017-07-10 06:22:29.813,40.48
934,7.32,2017-07-10 06:22:32.793,2017-07-10 13:41:46.147,35.0
935,13.41,2017-07-10 13:41:49.157,2017-07-11 03:06:25.240,38.52
936,15.71,2017-07-11 03:06:28.060,2017-07-11 18:49:18.017,46.71
937,7.91,2017-07-11 18:49:20.857,2017-07-12 02:43:41.423,35.47
938,5.72,2017-07-12 02:43:43.790,2017-07-12 08:26:44.303,37.3
939,9.5,2017-07-12 08:26:48.410,2017-07-12 17:56:46.347,40.23
940,27.1,2017-07-12 17:56:49.663,2017-07-13 21:02:50.897,49.08
941,26.34,2017-07-13 21:02:53.567,2017-07-14 23:23:31.000,31.32
942,4.86,2017-07-24 08:39:42.753,2017-07-24 13:31:10.957,37.56
943,9.24,2017-07-24 13:31:16.220,2017-07-24 22:45:27.043,35.91
944,7.35,2017-07-24 22:45:29.810,2017-07-25 06:06:25.883,44.43
945,17.18,2017-07-25 06:06:31.330,2017-07-25 23:17:36.133,37.98
946,28.38,2017-07-25 23:17:39.497,2017-07-27 03:40:25.317,42.78
947,10.7,2017-07-26 09:25:29.887,2017-07-26 20:07:20.073,31.39
948,7.59,2017-07-27 03:40:30.350,2017-07-27 11:15:41.150,34.63
949,12.64,2017-07-27 11:15:44.443,2017-07-27 23:54:17.290,45.55
950,13.67,2017-07-27 23:54:23.020,2017-07-28 13:34:32.527,38.68
951,54.77,2017-07-28 13:34:35.120,2017-07-30 20:20:50.503,41.67
952,7.46,2017-07-30 20:20:56.183,2017-07-31 03:48:16.477,32.93
953,8.65,2017-07-31 03:48:19.147,2017-07-31 12:27:08.100,46.65
954,8.51,2017-07-31 12:27:12.457,2017-07-31 20:57:37.017,33.19
955,16.2,2017-07-31 20:57:42.440,2017-08-01 13:09:51.297,31.14
956,7.49,2017-08-01 13:09:53.990,2017-08-01 20:39:04.583,42.31
957,10.67,2017-08-01 20:39:09.203,2017-08-02 07:19:15.500,41.85
958,7.36,2017-08-02 07:19:18.950,2017-08-02 14:41:02.477,38.12
959,25.02,2017-08-02 14:41:06.167,2017-08-03 15:42:34.913,35.77
960,6.45,2017-08-03 15:42:38.687,2017-08-03 22:09:32.450,42.63
961,7.93,2017-08-03 22:09:38.010,2017-08-04 06:05:40.810,33.84
962,11.49,2017-08-04 06:05:43.923,2017-08-04 17:35:02.407,38.07
963,18.42,2017-08-04 17:35:05.487,2017-08-05 12:00:27.053,42.56
964,22.68,2017-08-05 12:00:35.130,2017-08-06 10:41:33.397,44.25
965,7.81,2017-08-06 23:22:50.480,2017-08-07 07:11:24.153,31.19
966,9.8,2017-08-07 07:11:26.637,2017-08-07 16:59:31.937,46.11
967,9.05,2017-08-07 16:59:34.543,2017-08-08 02:02:47.733,38.19
968,8.94,2017-08-08 02:02:50.430,2017-08-08 10:59:25.370,38.82
969,9.31,2017-08-08 10:59:28.597,2017-08-08 20:17:54.630,33.83
970,10.29,2017-08-08 20:17:57.490,2017-08-09 06:35:23.297,40.56
971,16.05,2017-08-09 06:35:25.880,2017-08-09 22:38:20.963,33.93
972,6.22,2017-08-09 22:38:24.150,2017-08-10 04:51:30.300,48.33
973,9.6,2017-08-10 04:51:33.140,2017-08-10 14:27:49.827,33.61
974,7.99,2017-08-10 14:27:54.090,2017-08-10 22:27:12.447,35.74
975,13.64,2017-08-10 22:27:16.680,2017-08-11 12:05:32.273,49.56
976,111.9,2017-08-11 12:06:48.643,2017-08-16 04:00:50.580,48.96
977,8.86,2017-08-16 04:00:54.380,2017-08-16 12:52:22.427,30.15
978,9.24,2017-08-16 12:52:25.343,2017-08-16 22:06:44.723,33.5
979,9.6,2017-08-16 22:06:47.430,2017-08-17 07:42:33.357,31.64
980,9.47,2017-08-17 07:42:36.860,2017-08-17 17:10:33.207,43.4
981,16.67,2017-08-17 17:10:36.570,2017-08-18 09:50:57.063,48.95
982,7.78,2017-08-18 09:51:00.077,2017-08-18 17:38:05.967,42.55
983,9.19,2017-08-18 17:38:09.077,2017-08-19 02:49:37.377,34.42
984,21.71,2017-08-19 02:49:39.923,2017-08-20 00:31:59.803,30.25
985,26.41,2017-08-20 00:32:05.593,2017-08-21 02:56:53.263,39.08
986,8.99,2017-08-21 02:56:56.053,2017-08-21 11:56:19.340,43.49
987,10.27,2017-08-21 11:56:21.880,2017-08-21 22:12:19.337,34.31
988,8.0,2017-08-21 22:12:24.917,2017-08-22 06:12:10.490,44.56
989,12.82,2017-08-22 06:12:13.577,2017-08-22 19:01:18.953,44.16
990,17.56,2017-08-23 11:48:58.233,2017-08-24 05:22:16.930,33.95
991,6.61,2017-08-24 05:22:19.140,2017-08-24 11:58:52.663,33.49
992,12.67,2017-08-24 11:58:56.707,2017-08-25 00:39:04.557,32.12
993,11.69,2017-08-25 00:39:08.647,2017-08-25 12:20:20.320,33.55
994,23.5,2017-08-25 12:20:23.800,2017-08-26 11:50:12.400,40.73
995,33.76,2017-08-26 11:50:17.310,2017-08-27 21:35:56.327,37.51
996,7.54,2017-08-27 21:36:03.160,2017-08-28 05:08:17.360,39.0
997,12.17,2017-08-28 05:08:20.083,2017-08-28 17:18:42.517,34.46
998,7.57,2017-08-28 17:18:45.857,2017-08-29 00:52:54.977,35.44
999,13.31,2017-08-29 00:53:01.947,2017-08-29 14:11:52.480,34.79
1000,8.77,2017-08-29 14:11:56.717,2017-08-29 22:58:09.023,40.14
1001,12.91,2017-08-29 22:58:16.350,2017-08-30 11:52:43.650,49.25
1002,8.25,2017-08-30 11:52:47.073,2017-08-30 20:07:58.427,39.35
1003,9.41,2017-08-30 20:08:02.660,2017-08-31 05:32:26.370,42.46
1004,7.38,2017-08-31 05:32:28.933,2017-08-31 12:55:32.673,40.29
1005,20.12,2017-08-31 12:55:39.800,2017-09-01 09:03:02.333,34.5
1006,11.45,2017-08-31 14:06:50.713,2017-09-01 01:33:40.203,46.79
1007,62.22,2017-09-01 09:04:00.503,2017-09-03 23:17:16.793,49.07
1008,7.59,2017-09-03 23:17:21.197,2017-09-04 06:52:54.643,49.6
1009,9.39,2017-09-04 06:52:57.257,2017-09-04 16:16:09.757,39.71
1010,7.62,2017-09-04 16:16:12.593,2017-09-04 23:53:18.590,43.42
1011,9.85,2017-09-04 23:53:21.787,2017-09-05 09:44:20.773,38.41
1012,10.27,2017-09-05 09:44:23.237,2017-09-05 20:00:52.510,45.4
1013,26.46,2017-09-05 20:00:56.503,2017-09-06 22:28:31.153,42.98
1014,7.9,2017-09-06 08:45:03.177,2017-09-06 16:38:45.670,40.09
1015,10.98,2017-09-07 10:55:10.240,2017-09-07 21:53:52.420,42.12
1016,9.7,2017-09-07 21:53:56.287,2017-09-08 07:35:56.907,40.67
1017,8.39,2017-09-08 07:36:02.640,2017-09-08 15:59:18.000,35.61
1018,24.41,2017-09-08 15:59:21.540,2017-09-09 16:24:00.603,40.25
1019,30.1,2017-09-09 16:24:05.090,2017-09-10 22:29:47.893,46.86
1020,13.66,2017-09-10 22:29:52.487,2017-09-11 12:09:32.323,43.92
1021,8.55,2017-09-11 12:09:34.870,2017-09-11 20:42:49.990,48.48
1022,19.33,2017-09-11 20:42:53.860,2017-09-12 16:02:49.890,48.68
1023,7.0,2017-09-12 16:02:52.570,2017-09-12 23:02:57.363,30.04
1024,7.32,2017-09-12 23:03:00.303,2017-09-13 06:22:08.137,36.8
1025,8.08,2017-09-13 06:22:11.767,2017-09-13 14:27:13.297,46.55
1026,7.57,2017-09-13 14:27:16.400,2017-09-13 22:01:23.753,38.07
1027,7.77,2017-09-13 22:01:26.807,2017-09-14 05:47:27.747,49.24
1028,24.67,2017-09-14 05:47:30.183,2017-09-15 06:27:24.523,47.97
1029,8.13,2017-09-15 06:27:27.087,2017-09-15 14:35:12.130,41.08
1030,26.26,2017-09-15 14:35:15.380,2017-09-16 16:50:56.220,45.22
1031,29.21,2017-09-16 16:51:00.807,2017-09-17 22:03:32.873,35.51
1032,9.22,2017-09-17 22:03:37.570,2017-09-18 07:16:57.493,30.22
1033,7.66,2017-09-18 07:17:01.190,2017-09-18 14:56:22.180,41.27
1034,9.28,2017-09-18 14:56:25.433,2017-09-19 00:13:07.103,42.95
1035,8.1,2017-09-19 00:13:12.330,2017-09-19 08:18:57.037,35.43
1036,8.71,2017-09-19 08:18:59.653,2017-09-19 17:01:48.380,43.13
1037,16.53,2017-09-19 17:01:51.400,2017-09-20 09:33:37.730,42.23
1038,8.13,2017-09-20 09:33:40.807,2017-09-20 17:41:32.227,31.85
1039,6.03,2017-09-20 17:41:35.167,2017-09-20 23:43:22.397,43.92
1040,7.74,2017-09-21 14:54:32.293,2017-09-21 22:38:47.540,32.45
1041,7.72,2017-09-21 22:38:51.780,2017-09-22 06:21:57.740,38.96
1042,12.66,2017-09-22 06:22:06.730,2017-09-22 19:01:25.797,45.84
1043,55.94,2017-09-22 19:01:39.320,2017-09-25 02:57:49.807,30.35
1044,12.63,2017-09-25 02:57:54.227,2017-09-25 15:35:33.223,45.61
1045,8.54,2017-09-25 15:35:43.173,2017-09-26 00:07:53.107,46.33
1046,23.95,2017-09-26 00:07:56.667,2017-09-27 00:04:49.780,36.56
1047,8.53,2017-09-26 04:30:12.390,2017-09-26 13:01:53.653,41.62
1048,14.29,2017-09-27 00:04:58.383,2017-09-27 14:22:22.910,30.37
1049,8.75,2017-09-27 14:22:26.940,2017-09-27 23:07:11.780,30.16
1050,11.71,2017-09-27 23:07:15.033,2017-09-28 10:49:52.127,47.56
1051,6.92,2017-09-28 10:50:07.880,2017-09-28 17:45:22.823,44.97
1052,7.38,2017-09-28 17:45:26.027,2017-09-29 01:08:13.047,38.75
1053,7.51,2017-09-29 01:08:16.070,2017-09-29 08:39:07.180,37.97
1054,25.5,2017-09-29 08:39:10.230,2017-09-30 10:09:12.397,33.13
1055,47.69,2017-09-30 10:09:16.810,2017-10-02 09:50:25.867,49.37
1056,7.66,2017-10-02 09:50:29.560,2017-10-02 17:30:23.227,48.96
1057,8.8,2017-10-02 17:30:25.750,2017-10-03 02:18:35.140,31.39
1058,6.74,2017-10-03 02:18:38.940,2017-10-03 09:02:47.513,43.87
1059,9.88,2017-10-03 09:02:50.537,2017-10-03 18:55:34.033,48.98
1060,7.49,2017-10-03 18:55:39.170,2017-10-04 02:25:20.743,43.34
1061,16.41,2017-10-04 02:25:24.410,2017-10-04 18:50:13.930,47.73
1062,5.72,2017-10-04 18:54:30.380,2017-10-05 00:37:51.787,45.91
1063,8.45,2017-10-05 00:38:04.903,2017-10-05 09:04:49.173,36.76
1064,7.45,2017-10-05 09:04:58.670,2017-10-05 16:31:52.007,44.74
1065,7.01,2017-10-05 16:31:54.907,2017-10-05 23:32:37.950,40.49
1066,9.42,2017-10-05 23:32:42.120,2017-10-06 08:57:58.960,33.12
1067,20.19,2017-10-06 08:58:01.957,2017-10-07 05:09:21.880,31.19
1068,46.08,2017-10-07 05:09:27.060,2017-10-09 03:14:03.477,34.66
1069,21.75,2017-10-09 03:14:06.773,2017-10-10 00:58:54.993,46.33
1070,7.83,2017-10-10 00:59:00.970,2017-10-10 08:49:06.843,42.33
1071,7.44,2017-10-10 08:49:10.100,2017-10-10 16:15:27.680,40.44
1072,8.11,2017-10-10 16:15:30.593,2017-10-11 00:22:18.663,34.32
1073,8.61,2017-10-11 00:22:21.887,2017-10-11 08:59:07.447,34.29
1074,9.56,2017-10-11 08:59:23.433,2017-10-11 18:33:12.877,32.33
1075,7.22,2017-10-11 18:33:16.313,2017-10-12 01:46:16.830,38.46
1076,9.75,2017-10-12 01:46:20.303,2017-10-12 11:31:32.343,42.1
1077,8.49,2017-10-12 11:31:35.297,2017-10-12 20:01:05.103,39.72
1078,7.58,2017-10-12 20:01:08.317,2017-10-13 03:35:44.297,33.53
1079,9.49,2017-10-13 03:35:47.010,2017-10-13 13:05:21.867,31.31
1080,18.61,2017-10-13 13:05:25.197,2017-10-14 07:42:01.620,48.81
1081,21.08,2017-10-14 07:42:06.360,2017-10-15 04:46:44.243,34.9
1082,23.51,2017-10-15 04:46:48.810,2017-10-16 04:17:27.620,46.42
1083,15.15,2017-10-16 04:17:34.193,2017-10-16 19:26:26.637,49.48
1084,10.56,2017-10-16 19:26:30.253,2017-10-17 06:00:17.293,44.68
1085,8.16,2017-10-17 06:00:21.163,2017-10-17 14:09:46.133,34.83
1086,23.19,2017-10-17 14:09:48.837,2017-10-18 13:21:30.690,38.41
1087,5.67,2017-10-18 13:21:33.453,2017-10-18 19:01:44.570,41.57
1088,13.23,2017-10-19 14:01:16.873,2017-10-20 03:15:22.627,48.3
1089,9.07,2017-10-20 03:15:34.253,2017-10-20 12:19:31.430,33.65
1090,17.17,2017-10-20 12:19:33.753,2017-10-21 05:30:00.750,37.04
1091,56.48,2017-10-21 05:30:04.653,2017-10-23 13:58:39.947,49.1
1092,9.42,2017-10-23 13:58:43.703,2017-10-23 23:24:09.310,30.41
1093,6.61,2017-10-23 23:24:18.647,2017-10-24 06:00:49.013,43.38
1094,9.93,2017-10-24 06:00:51.487,2017-10-24 15:56:22.390,32.84
1095,7.98,2017-10-24 15:56:25.217,2017-10-24 23:55:23.493,48.29
1096,14.1,2017-10-24 23:55:26.960,2017-10-25 14:01:16.783,43.73
1097,3.52,2017-10-25 14:01:19.630,2017-10-25 17:32:18.637,42.68
1098,8.05,2017-10-25 17:32:23.893,2017-10-26 01:35:32.157,47.04
1099,6.91,2017-10-26 01:35:36.213,2017-10-26 08:30:01.320,38.21
1100,5.95,2017-10-26 08:30:04.483,2017-10-26 14:26:58.367,32.53
1101,7.83,2017-10-26 14:27:02.063,2017-10-26 22:16:34.223,43.8
1102,149.86,2017-10-26 22:16:40.520,2017-11-02 04:08:21.380,37.66
1103,9.17,2017-11-02 04:08:25.090,2017-11-02 13:18:49.043,35.5
1104,7.66,2017-11-02 13:18:53.523,2017-11-02 20:58:34.600,37.39
1105,7.92,2017-11-02 20:58:40.033,2017-11-03 04:53:55.743,30.51
1106,17.37,2017-11-03 04:53:58.570,2017-11-03 22:15:57.043,46.14
1107,19.77,2017-11-03 22:16:00.057,2017-11-04 18:02:20.153,48.36
1108,19.55,2017-11-04 18:02:24.360,2017-11-05 13:35:36.260,39.68
1109,19.3,2017-11-05 13:36:11.787,2017-11-06 08:54:25.750,49.37
1110,8.45,2017-11-06 08:54:29.157,2017-11-06 17:21:37.403,39.09
1111,10.47,2017-11-06 17:21:41.503,2017-11-07 03:49:56.970,34.91
1112,63.42,2017-11-07 03:50:01.893,2017-11-09 19:15:30.840,48.78
1113,12.59,2017-11-08 23:40:45.233,2017-11-09 12:16:22.260,37.98
1114,7.78,2017-11-09 19:15:34.537,2017-11-10 03:02:09.790,32.97
1115,6.96,2017-11-10 03:02:19.537,2017-11-10 09:59:41.520,35.94
1116,8.18,2017-11-10 09:59:44.790,2017-11-10 18:10:37.940,33.58
1117,16.41,2017-11-10 18:10:40.623,2017-11-11 10:35:11.380,41.52
1118,12.51,2017-11-11 10:35:16.557,2017-11-11 23:06:10.120,39.98
1119,25.14,2017-11-11 23:06:14.260,2017-11-13 00:14:51.480,41.12
1120,12.59,2017-11-13 00:14:55.460,2017-11-13 12:50:16.670,31.65
1121,10.11,2017-11-13 12:50:19.103,2017-11-13 22:56:49.153,41.14
1122,32.81,2017-11-13 22:56:57.120,2017-11-15 07:45:20.757,48.63
1123,8.53,2017-11-14 09:37:19.547,2017-11-14 18:09:07.307,38.82
1124,7.75,2017-11-14 18:09:10.283,2017-11-15 01:54:09.000,42.7
1125,5.53,2017-11-15 07:45:24.243,2017-11-15 13:17:02.150,36.79
