,ProductionRequestId,TargetProductionRate
0,50675.0,6000.0
1,50676.0,6000.0
2,50703.0,6000.0
3,50708.0,6000.0
4,50724.0,6000.0
5,50740.0,6000.0
6,50741.0,6000.0
7,50742.0,6000.0
8,50830.0,3000.0
9,50831.0,3000.0
10,50877.0,6000.0
11,50908.0,6000.0
12,50909.0,6000.0
13,50910.0,6000.0
14,50912.0,6000.0
15,50913.0,6000.0
16,50925.0,6000.0
17,50926.0,6000.0
18,51036.0,6000.0
19,51037.0,6000.0
20,51098.0,6000.0
21,51099.0,6000.0
22,51166.0,3000.0
23,51207.0,6000.0
24,51209.0,6000.0
25,51210.0,6000.0
26,51211.0,6000.0
27,51212.0,6000.0
28,51213.0,6000.0
29,51214.0,6000.0
30,51215.0,6000.0
31,51216.0,6000.0
32,51262.0,6000.0
33,51298.0,6000.0
34,51304.0,6000.0
35,51306.0,6000.0
36,51350.0,3000.0
37,51352.0,6000.0
38,51353.0,3000.0
39,51354.0,6000.0
40,51447.0,6000.0
41,51448.0,6000.0
42,51496.0,6000.0
43,51497.0,6000.0
44,51498.0,6000.0
45,51506.0,6000.0
46,51507.0,6000.0
47,51519.0,6000.0
48,51544.0,6000.0
49,51553.0,6000.0
50,51554.0,6000.0
51,51579.0,6000.0
52,51723.0,6000.0
53,51725.0,3000.0
54,51726.0,6000.0
55,51729.0,3000.0
56,51730.0,3000.0
57,51733.0,6000.0
58,51763.0,6000.0
59,51764.0,6000.0
60,51781.0,6000.0
61,51783.0,6000.0
62,51831.0,6000.0
63,51835.0,6000.0
64,51913.0,6000.0
65,51914.0,6000.0
66,51915.0,6000.0
67,52029.0,6000.0
68,52049.0,6000.0
69,52089.0,6000.0
70,52096.0,6000.0
71,52103.0,6000.0
72,52108.0,6000.0
73,52159.0,6000.0
74,52181.0,6000.0
75,52182.0,6000.0
76,52183.0,6000.0
77,52184.0,6000.0
78,52251.0,3000.0
79,52252.0,3000.0
80,52270.0,6000.0
81,52314.0,6000.0
82,52315.0,6000.0
83,52319.0,3000.0
84,52320.0,6000.0
85,52354.0,6000.0
86,52384.0,6000.0
87,52427.0,6000.0
88,52430.0,6000.0
89,52431.0,6000.0
90,52447.0,6000.0
91,52448.0,6000.0
92,52451.0,6000.0
93,52456.0,6000.0
94,52531.0,6000.0
95,52545.0,6000.0
96,52577.0,6000.0
97,52605.0,3000.0
98,52646.0,6000.0
99,52647.0,6000.0
100,52648.0,6000.0
101,52649.0,6000.0
102,52658.0,6000.0
103,52662.0,6000.0
104,52663.0,6000.0
105,52702.0,6000.0
106,52703.0,6000.0
107,52752.0,6000.0
108,52805.0,6000.0
109,52806.0,6000.0
110,52807.0,6000.0
111,52808.0,6000.0
112,52855.0,3000.0
113,52856.0,3000.0
114,52858.0,3000.0
115,52896.0,6000.0
116,52897.0,6000.0
117,52898.0,6000.0
118,52924.0,6000.0
119,52925.0,6000.0
120,52926.0,6000.0
121,52932.0,6000.0
122,52933.0,6000.0
123,52938.0,6000.0
124,52939.0,6000.0
125,53067.0,6000.0
126,53131.0,6000.0
127,53132.0,6000.0
128,53191.0,6000.0
129,53218.0,6000.0
130,53221.0,3000.0
131,53270.0,6000.0
132,53287.0,6000.0
133,53296.0,6000.0
134,53314.0,6000.0
135,53358.0,6000.0
136,53391.0,6000.0
137,53392.0,6000.0
138,53485.0,6000.0
139,53486.0,6000.0
140,53487.0,6000.0
141,53488.0,6000.0
142,53489.0,6000.0
143,53512.0,6000.0
144,53564.0,6000.0
145,53565.0,6000.0
146,53739.0,3000.0
147,53740.0,6000.0
148,53741.0,6000.0
149,53742.0,3000.0
150,53744.0,6000.0
151,53746.0,6000.0
152,53756.0,6000.0
153,53757.0,6000.0
154,53762.0,6000.0
155,53781.0,6000.0
156,53821.0,6000.0
157,53826.0,6000.0
158,53838.0,6000.0
159,53850.0,6000.0
160,53909.0,6000.0
161,53910.0,6000.0
162,53911.0,6000.0
163,53974.0,3000.0
164,53975.0,3000.0
165,54022.0,6000.0
166,54059.0,6000.0
167,54060.0,6000.0
168,54061.0,6000.0
169,54062.0,6000.0
170,54067.0,6000.0
171,54079.0,6000.0
172,54102.0,6000.0
173,54137.0,6000.0
174,54205.0,6000.0
175,54213.0,6000.0
176,54228.0,6000.0
177,54229.0,6000.0
178,54236.0,3000.0
179,54237.0,3000.0
180,54245.0,6000.0
181,54272.0,6000.0
182,54321.0,6000.0
183,54322.0,6000.0
184,54326.0,6000.0
185,54404.0,6000.0
186,54405.0,6000.0
187,54410.0,6000.0
188,54411.0,6000.0
189,54417.0,6000.0
190,54568.0,6000.0
191,54626.0,3000.0
192,54627.0,3000.0
193,54628.0,3000.0
194,54713.0,3000.0
195,54751.0,6000.0
196,54752.0,6000.0
197,54821.0,6000.0
198,54827.0,6000.0
199,54840.0,3000.0
200,54841.0,3000.0
201,54863.0,6000.0
202,54864.0,6000.0
203,54865.0,6000.0
204,54866.0,6000.0
205,54867.0,6000.0
206,54868.0,6000.0
207,54869.0,6000.0
208,54972.0,6000.0
209,55089.0,3000.0
210,55090.0,3000.0
211,55095.0,3000.0
212,55106.0,6000.0
213,55107.0,6000.0
214,55116.0,6000.0
215,55128.0,6000.0
216,55218.0,6000.0
217,55219.0,6000.0
218,55220.0,6000.0
219,55263.0,6000.0
220,55272.0,6000.0
221,55273.0,6000.0
222,55329.0,3000.0
223,55350.0,6000.0
224,55377.0,6000.0
225,55453.0,6000.0
226,55457.0,6000.0
227,55464.0,6000.0
228,55466.0,6000.0
229,55478.0,6000.0
230,55479.0,6000.0
231,55480.0,6000.0
232,55482.0,6000.0
233,55491.0,3000.0
234,55492.0,3000.0
235,55497.0,6000.0
236,55691.0,6000.0
237,55700.0,6000.0
238,55704.0,6000.0
239,55716.0,6000.0
240,55747.0,6000.0
241,55748.0,6000.0
242,55749.0,6000.0
243,55815.0,6000.0
244,55819.0,6000.0
245,55847.0,6000.0
246,55916.0,6000.0
247,55917.0,6000.0
248,55954.0,3000.0
249,55956.0,3000.0
250,56011.0,6000.0
251,56012.0,6000.0
252,56018.0,6000.0
253,56019.0,6000.0
254,56020.0,6000.0
255,56032.0,6000.0
256,56102.0,6000.0
257,56103.0,6000.0
258,56104.0,6000.0
259,56143.0,6000.0
260,56145.0,6000.0
261,56228.0,6000.0
262,56234.0,3000.0
263,56235.0,3000.0
264,56268.0,6000.0
265,56269.0,6000.0
266,56272.0,6000.0
267,56281.0,6000.0
268,56295.0,6000.0
269,56296.0,6000.0
270,56297.0,6000.0
271,56350.0,6000.0
272,56351.0,6000.0
273,56352.0,6000.0
274,56379.0,6000.0
275,56462.0,6000.0
276,56464.0,6000.0
277,56467.0,6000.0
278,56491.0,3000.0
279,56558.0,6000.0
280,56574.0,6000.0
281,56576.0,6000.0
282,56588.0,6000.0
283,56596.0,3000.0
284,56601.0,6000.0
285,56665.0,6000.0
286,56677.0,6000.0
287,56717.0,6000.0
288,56729.0,6000.0
289,56730.0,6000.0
290,56735.0,6000.0
291,56861.0,3000.0
292,56862.0,3000.0
293,56863.0,6000.0
294,56889.0,6000.0
295,56890.0,6000.0
296,56891.0,6000.0
297,56919.0,6000.0
298,56925.0,6000.0
299,56958.0,3000.0
300,56973.0,6000.0
301,56986.0,6000.0
302,57026.0,6000.0
303,57068.0,6000.0
304,57070.0,6000.0
305,57139.0,6000.0
306,57155.0,6000.0
307,57173.0,3000.0
308,57199.0,6000.0
309,57233.0,6000.0
310,57238.0,6000.0
311,57239.0,6000.0
312,57240.0,6000.0
313,57246.0,6000.0
314,57293.0,6000.0
315,57294.0,6000.0
316,57306.0,6000.0
317,57337.0,6000.0
318,57341.0,6000.0
319,57342.0,6000.0
320,57410.0,3000.0
321,57411.0,3000.0
322,57412.0,3000.0
323,57416.0,6000.0
324,57475.0,6000.0
325,57492.0,6000.0
326,57519.0,6000.0
327,57570.0,6000.0
328,57572.0,6000.0
329,57621.0,6000.0
330,57632.0,6000.0
331,57657.0,6000.0
332,57659.0,6000.0
333,57665.0,3000.0
334,57789.0,6000.0
335,57791.0,6000.0
336,57806.0,6000.0
337,57807.0,6000.0
338,57830.0,6000.0
339,57904.0,6000.0
340,57905.0,6000.0
341,57906.0,6000.0
342,58041.0,6000.0
343,58045.0,6000.0
344,58066.0,6000.0
345,58067.0,6000.0
346,58069.0,6000.0
347,58150.0,6000.0
348,58152.0,6000.0
349,58181.0,6000.0
350,58188.0,6000.0
351,58191.0,6000.0
352,58253.0,6000.0
353,58254.0,6000.0
354,58329.0,6000.0
355,58334.0,3000.0
356,58404.0,6000.0
357,58412.0,6000.0
358,58417.0,6000.0
359,58430.0,3000.0
360,58434.0,3000.0
361,58462.0,6000.0
362,58468.0,6000.0
363,58502.0,6000.0
364,58529.0,6000.0
365,58546.0,3000.0
366,58547.0,3000.0
367,58548.0,3000.0
368,58673.0,6000.0
369,58674.0,6000.0
370,58675.0,6000.0
371,58676.0,6000.0
372,58697.0,6000.0
373,58700.0,6000.0
374,58756.0,6000.0
375,58758.0,6000.0
376,58764.0,6000.0
377,58819.0,6000.0
378,58822.0,3000.0
379,58824.0,6000.0
380,58826.0,3000.0
381,58863.0,6000.0
382,58871.0,6000.0
383,58872.0,6000.0
384,58875.0,6000.0
385,58895.0,6000.0
386,58896.0,6000.0
387,58897.0,6000.0
388,58933.0,3000.0
389,58934.0,3000.0
390,59105.0,6000.0
391,59106.0,6000.0
392,59151.0,6000.0
393,59184.0,6000.0
394,59198.0,6000.0
395,59199.0,6000.0
396,59223.0,6000.0
397,59279.0,6000.0
398,59301.0,3000.0
399,59305.0,6000.0
400,59347.0,3000.0
401,59348.0,3000.0
402,59394.0,6000.0
403,59395.0,6000.0
404,59398.0,6000.0
405,59419.0,6000.0
406,59423.0,6000.0
407,59482.0,6000.0
408,59515.0,6000.0
409,59516.0,6000.0
410,59525.0,3000.0
411,59626.0,6000.0
412,59635.0,3000.0
413,59636.0,3000.0
414,59672.0,6000.0
415,59673.0,6000.0
416,59714.0,6000.0
417,59743.0,6000.0
418,59867.0,3000.0
419,59869.0,6000.0
420,59943.0,3000.0
421,59944.0,3000.0
422,59948.0,3000.0
423,60009.0,3000.0
424,60037.0,6000.0
425,60071.0,6000.0
426,60119.0,6000.0
427,60128.0,3000.0
428,60129.0,6000.0
429,60187.0,3000.0
430,60242.0,6000.0
431,60255.0,6000.0
432,60256.0,6000.0
433,60299.0,6000.0
434,60300.0,6000.0
435,60307.0,6000.0
436,60354.0,6000.0
437,60362.0,6000.0
438,60371.0,6000.0
439,60413.0,6000.0
440,60427.0,3000.0
441,60501.0,3000.0
442,60547.0,6000.0
443,60553.0,6000.0
444,60555.0,6000.0
445,60556.0,6000.0
446,60574.0,6000.0
447,60575.0,6000.0
448,60639.0,6000.0
449,60642.0,6000.0
450,60661.0,6000.0
451,60711.0,3000.0
452,60712.0,3000.0
453,60713.0,3000.0
454,60814.0,6000.0
455,60815.0,6000.0
456,60816.0,6000.0
457,60903.0,6000.0
458,60904.0,6000.0
459,60905.0,6000.0
460,60932.0,6000.0
461,60939.0,6000.0
462,60956.0,6000.0
463,60958.0,6000.0
464,61048.0,3000.0
465,61049.0,3000.0
466,61050.0,3000.0
467,61099.0,6000.0
468,61114.0,6000.0
469,61132.0,6000.0
470,61133.0,6000.0
471,61169.0,6000.0
472,61178.0,6000.0
473,61205.0,6000.0
474,61206.0,6000.0
475,61347.0,3000.0
476,61379.0,3000.0
477,61380.0,3000.0
478,61381.0,3000.0
479,61425.0,6000.0
480,61426.0,6000.0
481,61428.0,6000.0
482,61438.0,6000.0
483,61460.0,6000.0
484,61498.0,6000.0
485,61504.0,6000.0
486,61510.0,6000.0
487,61535.0,6000.0
488,61539.0,6000.0
489,61593.0,6000.0
490,61601.0,6000.0
491,61602.0,3000.0
492,61671.0,6000.0
493,61700.0,3000.0
494,61702.0,3000.0
495,61731.0,6000.0
496,61732.0,6000.0
497,61738.0,6000.0
498,61741.0,3000.0
499,61753.0,6000.0
500,61795.0,6000.0
501,61807.0,6000.0
502,61808.0,6000.0
503,61870.0,6000.0
504,61876.0,6000.0
505,61892.0,3000.0
506,61894.0,3000.0
507,61961.0,6000.0
508,61962.0,6000.0
509,61969.0,6000.0
510,61987.0,6000.0
511,62022.0,3000.0
512,62023.0,3000.0
513,62024.0,3000.0
514,62082.0,6000.0
515,62179.0,6000.0
516,62214.0,6000.0
517,62215.0,6000.0
518,62216.0,6000.0
519,62217.0,6000.0
520,62218.0,6000.0
521,62231.0,3000.0
522,62253.0,6000.0
523,62258.0,6000.0
524,62259.0,6000.0
525,62260.0,6000.0
526,62384.0,3000.0
527,62402.0,6000.0
528,62465.0,6000.0
529,62495.0,6000.0
530,62496.0,6000.0
531,62497.0,6000.0
532,62523.0,6000.0
533,62528.0,6000.0
534,62529.0,6000.0
535,62622.0,6000.0
536,62623.0,6000.0
537,62628.0,6000.0
538,62630.0,3000.0
539,62729.0,3000.0
540,62753.0,3000.0
541,62763.0,6000.0
542,62769.0,6000.0
543,62788.0,6000.0
544,62789.0,6000.0
545,62805.0,6000.0
546,62848.0,6000.0
547,62850.0,6000.0
548,62854.0,6000.0
549,62898.0,6000.0
550,62899.0,6000.0
551,62904.0,6000.0
552,62945.0,6000.0
553,62983.0,3000.0
554,62984.0,3000.0
555,62985.0,3000.0
556,63056.0,6000.0
557,63062.0,6000.0
558,63070.0,6000.0
559,63089.0,6000.0
560,63110.0,6000.0
561,63133.0,6000.0
562,63151.0,6000.0
563,63169.0,6000.0
564,63181.0,6000.0
565,63315.0,6000.0
566,63316.0,6000.0
567,63329.0,3000.0
568,63331.0,3000.0
569,63372.0,6000.0
570,63383.0,6000.0
571,63432.0,6000.0
572,63442.0,6000.0
573,63473.0,6000.0
574,63477.0,6000.0
575,63494.0,6000.0
576,63506.0,3000.0
577,63507.0,3000.0
578,63508.0,3000.0
579,63510.0,6000.0
580,63555.0,6000.0
581,63699.0,6000.0
582,63710.0,6000.0
583,63767.0,6000.0
584,63784.0,6000.0
585,63867.0,3000.0
586,63868.0,6000.0
587,63869.0,6000.0
588,63870.0,6000.0
589,63895.0,3000.0
590,63900.0,3000.0
591,64010.0,6000.0
592,64011.0,6000.0
593,64012.0,6000.0
594,64013.0,6000.0
595,64123.0,6000.0
596,64132.0,6000.0
597,64133.0,6000.0
598,64134.0,6000.0
599,64135.0,6000.0
600,64148.0,6000.0
601,64253.0,6000.0
602,64254.0,6000.0
603,64260.0,6000.0
604,64268.0,6000.0
605,64274.0,6000.0
606,64275.0,6000.0
607,64320.0,6000.0
608,64421.0,6000.0
609,64444.0,6000.0
610,64447.0,6000.0
611,64448.0,6000.0
612,64454.0,3000.0
613,64455.0,3000.0
614,64456.0,3000.0
615,64561.0,6000.0
616,64562.0,6000.0
617,64563.0,6000.0
618,64564.0,6000.0
619,64565.0,6000.0
620,64575.0,6000.0
621,64675.0,6000.0
622,64676.0,6000.0
623,64718.0,6000.0
624,64737.0,6000.0
625,64762.0,6000.0
626,64786.0,6000.0
627,64788.0,3000.0
628,64789.0,3000.0
629,64790.0,3000.0
630,64801.0,6000.0
631,64918.0,6000.0
632,64919.0,6000.0
633,64938.0,6000.0
634,64939.0,6000.0
635,65032.0,6000.0
636,65034.0,6000.0
637,65056.0,6000.0
638,65057.0,6000.0
639,65115.0,3000.0
640,65116.0,3000.0
641,65119.0,3000.0
642,65225.0,6000.0
643,65229.0,6000.0
644,65235.0,6000.0
645,65260.0,6000.0
646,65326.0,6000.0
647,65330.0,6000.0
648,65331.0,6000.0
649,65344.0,6000.0
650,65345.0,6000.0
651,65385.0,6000.0
652,65396.0,6000.0
653,65397.0,6000.0
654,65414.0,3000.0
655,65427.0,3000.0
656,65431.0,3000.0
657,65490.0,6000.0
658,65496.0,6000.0
659,65535.0,6000.0
660,65588.0,6000.0
661,65606.0,6000.0
662,65610.0,6000.0
663,65613.0,6000.0
664,65628.0,6000.0
665,65630.0,6000.0
666,65632.0,6000.0
667,65690.0,6000.0
668,65694.0,3000.0
669,65778.0,6000.0
670,65807.0,6000.0
671,65834.0,6000.0
672,65836.0,6000.0
673,65837.0,6000.0
674,65853.0,6000.0
675,65917.0,6000.0
676,65919.0,6000.0
677,65920.0,6000.0
678,65961.0,6000.0
679,65964.0,6000.0
680,66049.0,3000.0
681,66055.0,3000.0
682,66107.0,6000.0
683,66109.0,6000.0
684,66116.0,6000.0
685,66126.0,6000.0
686,66134.0,6000.0
687,66208.0,6000.0
688,66245.0,6000.0
689,66291.0,6000.0
690,66292.0,6000.0
691,66304.0,3000.0
692,66305.0,3000.0
693,66341.0,6000.0
694,66388.0,6000.0
695,66392.0,6000.0
696,66393.0,6000.0
697,66404.0,6000.0
698,66405.0,6000.0
699,66545.0,6000.0
700,66616.0,6000.0
701,66630.0,6000.0
702,66632.0,3000.0
703,66635.0,3000.0
704,66689.0,6000.0
705,66692.0,6000.0
706,66700.0,6000.0
707,66714.0,6000.0
708,66716.0,6000.0
709,66764.0,6000.0
710,66765.0,6000.0
711,66792.0,6000.0
712,66794.0,6000.0
713,66853.0,6000.0
714,66892.0,6000.0
715,66912.0,6000.0
716,66914.0,6000.0
717,66918.0,3000.0
718,66923.0,3000.0
719,66925.0,3000.0
720,66982.0,6000.0
721,67013.0,6000.0
722,67014.0,6000.0
723,67060.0,6000.0
724,67061.0,6000.0
725,67062.0,6000.0
726,67087.0,6000.0
727,67112.0,6000.0
728,67145.0,6000.0
729,67146.0,6000.0
730,67148.0,3000.0
731,67154.0,6000.0
732,67232.0,6000.0
733,67274.0,6000.0
734,67300.0,6000.0
735,67305.0,6000.0
736,67349.0,6000.0
737,67385.0,6000.0
738,67386.0,6000.0
739,67437.0,6000.0
740,67438.0,6000.0
741,67439.0,6000.0
742,67516.0,3000.0
743,67572.0,6000.0
744,67573.0,6000.0
745,67574.0,6000.0
746,67575.0,6000.0
747,67576.0,6000.0
748,67577.0,6000.0
749,67634.0,6000.0
750,67639.0,6000.0
751,67693.0,6000.0
752,67695.0,6000.0
753,67697.0,6000.0
754,67704.0,6000.0
755,67710.0,6000.0
756,67784.0,6000.0
757,67807.0,3000.0
758,67808.0,3000.0
759,67819.0,6000.0
760,67820.0,6000.0
761,67839.0,6000.0
762,67906.0,6000.0
763,67936.0,6000.0
764,67937.0,6000.0
765,67945.0,6000.0
766,67947.0,6000.0
767,67993.0,6000.0
768,67994.0,3000.0
769,67995.0,3000.0
770,68090.0,6000.0
771,68093.0,6000.0
772,68127.0,6000.0
773,68129.0,6000.0
774,68141.0,6000.0
775,68197.0,6000.0
776,68199.0,6000.0
777,68260.0,6000.0
778,68279.0,3000.0
779,68280.0,3000.0
780,68282.0,6000.0
781,68283.0,3000.0
782,68384.0,6000.0
783,68385.0,6000.0
784,68386.0,6000.0
785,68391.0,6000.0
786,68392.0,6000.0
787,68393.0,6000.0
788,68394.0,6000.0
789,68454.0,6000.0
790,68513.0,6000.0
791,68604.0,6000.0
792,68605.0,6000.0
793,68609.0,6000.0
794,68610.0,6000.0
795,68645.0,6000.0
796,68646.0,6000.0
797,68647.0,6000.0
798,68651.0,6000.0
799,68657.0,6000.0
800,68701.0,6000.0
801,68726.0,6000.0
802,68741.0,6000.0
803,68840.0,6000.0
804,68841.0,6000.0
805,68853.0,3000.0
806,68855.0,6000.0
807,68909.0,6000.0
808,68925.0,6000.0
809,68927.0,6000.0
810,68928.0,6000.0
811,68940.0,6000.0
812,68953.0,6000.0
813,68977.0,6000.0
814,69008.0,6000.0
815,69018.0,6000.0
816,69046.0,6000.0
817,69138.0,6000.0
818,69149.0,6000.0
819,69156.0,3000.0
820,69158.0,3000.0
821,69274.0,6000.0
822,69278.0,6000.0
823,69368.0,6000.0
824,69402.0,6000.0
825,69430.0,6000.0
826,69447.0,6000.0
827,69448.0,6000.0
828,69459.0,3000.0
829,69461.0,3000.0
830,69508.0,6000.0
831,69509.0,6000.0
832,69518.0,6000.0
833,69553.0,6000.0
834,69561.0,6000.0
835,69562.0,6000.0
836,69574.0,6000.0
837,69640.0,6000.0
838,69708.0,6000.0
839,69714.0,6000.0
840,69719.0,3000.0
841,69720.0,6000.0
842,69728.0,6000.0
843,69807.0,6000.0
844,69808.0,6000.0
845,69809.0,6000.0
846,69810.0,6000.0
847,69811.0,6000.0
848,69870.0,6000.0
849,69873.0,6000.0
850,69874.0,6000.0
851,69902.0,6000.0
852,69945.0,6000.0
853,69970.0,3000.0
854,69973.0,3000.0
855,70000.0,6000.0
856,70008.0,6000.0
857,70011.0,6000.0
858,70022.0,6000.0
859,70057.0,6000.0
860,70105.0,6000.0
861,70129.0,3000.0
862,70172.0,6000.0
863,70173.0,6000.0
864,70205.0,6000.0
865,70208.0,6000.0
866,70307.0,6000.0
867,70328.0,6000.0
868,70343.0,6000.0
869,70346.0,6000.0
870,70415.0,6000.0
871,70416.0,6000.0
872,70434.0,6000.0
873,70435.0,6000.0
874,70446.0,3000.0
875,70447.0,3000.0
876,70541.0,6000.0
877,70543.0,6000.0
878,70544.0,6000.0
879,70545.0,6000.0
880,70668.0,6000.0
881,70675.0,6000.0
882,70752.0,6000.0
883,70753.0,6000.0
884,70758.0,6000.0
885,70759.0,6000.0
886,70763.0,3000.0
887,70766.0,3000.0
888,70837.0,6000.0
889,70852.0,6000.0
890,70858.0,6000.0
891,70908.0,6000.0
892,70909.0,6000.0
893,70959.0,6000.0
894,70960.0,6000.0
895,70961.0,6000.0
896,71063.0,3000.0
897,71066.0,3000.0
898,71068.0,6000.0
899,71072.0,6000.0
900,71097.0,6000.0
901,71131.0,6000.0
902,71134.0,6000.0
903,71135.0,6000.0
904,71155.0,6000.0
905,71160.0,6000.0
906,71198.0,6000.0
907,71199.0,6000.0
908,71224.0,6000.0
909,71341.0,3000.0
910,71342.0,3000.0
911,71363.0,6000.0
912,71365.0,6000.0
913,71373.0,6000.0
914,71405.0,6000.0
915,71428.0,6000.0
916,71429.0,6000.0
917,71460.0,6000.0
918,71523.0,6000.0
919,71547.0,6000.0
920,71579.0,6000.0
921,71588.0,3000.0
922,71589.0,3000.0
923,71655.0,6000.0
924,71656.0,6000.0
925,71670.0,6000.0
926,71686.0,6000.0
927,71746.0,6000.0
928,71747.0,6000.0
929,71755.0,6000.0
930,71758.0,6000.0
931,71843.0,3000.0
932,71852.0,6000.0
933,71923.0,6000.0
934,71939.0,6000.0
935,71943.0,6000.0
936,72000.0,6000.0
937,72033.0,6000.0
938,72034.0,6000.0
939,72066.0,6000.0
940,72068.0,6000.0
941,72069.0,6000.0
942,72077.0,6000.0
943,72251.0,6000.0
944,72253.0,6000.0
945,72260.0,6000.0
946,72270.0,6000.0
947,72349.0,6000.0
948,72371.0,6000.0
949,72381.0,6000.0
950,72420.0,6000.0
951,72433.0,6000.0
952,72497.0,6000.0
953,72508.0,3000.0
954,72517.0,6000.0
955,72574.0,6000.0
956,72577.0,6000.0
957,72616.0,6000.0
958,72630.0,6000.0
959,72655.0,6000.0
960,72662.0,6000.0
961,72700.0,6000.0
962,72838.0,6000.0
963,72847.0,6000.0
964,72848.0,6000.0
965,72853.0,4800.0
966,72854.0,4800.0
967,72855.0,6000.0
968,72865.0,3000.0
969,72866.0,3000.0
970,72870.0,6000.0
971,72897.0,6000.0
972,72898.0,6000.0
973,72936.0,6000.0
974,72996.0,6000.0
975,73035.0,6000.0
976,73052.0,6000.0
977,73062.0,3000.0
978,73100.0,6000.0
979,73101.0,6000.0
980,73114.0,6000.0
981,73159.0,6000.0
982,73162.0,6000.0
983,73288.0,6000.0
984,73293.0,3000.0
985,73294.0,3000.0
986,73342.0,6000.0
987,73360.0,6000.0
988,73361.0,6000.0
989,73388.0,6000.0
990,73486.0,6000.0
991,73487.0,6000.0
992,73490.0,6000.0
993,73507.0,6000.0
994,73515.0,3000.0
995,73516.0,3000.0
996,73573.0,6000.0
997,73617.0,6000.0
998,73618.0,6000.0
999,73624.0,6000.0
1000,73632.0,6000.0
1001,73683.0,6000.0
1002,73684.0,6000.0
1003,73703.0,6000.0
1004,73704.0,6000.0
1005,73767.0,6000.0
1006,73771.0,6000.0
1007,73867.0,4800.0
1008,73870.0,6000.0
1009,73917.0,6000.0
1010,73918.0,3000.0
1011,73919.0,6000.0
1012,73924.0,6000.0
1013,73932.0,6000.0
1014,74008.0,6000.0
1015,74010.0,6000.0
1016,74050.0,6000.0
1017,74138.0,6000.0
1018,74139.0,6000.0
1019,74157.0,6000.0
1020,74192.0,6000.0
1021,74199.0,3000.0
1022,74208.0,3000.0
1023,74227.0,3000.0
1024,74247.0,6000.0
1025,74252.0,6000.0
1026,74260.0,6000.0
1027,74261.0,6000.0
1028,74360.0,4800.0
1029,74361.0,6000.0
1030,74412.0,6000.0
1031,74417.0,3000.0
1032,74456.0,6000.0
1033,74466.0,6000.0
1034,74470.0,6000.0
1035,74489.0,4800.0
1036,74493.0,6000.0
1037,74526.0,6000.0
1038,74551.0,6000.0
1039,74554.0,6000.0
1040,74557.0,6000.0
1041,74594.0,6000.0
1042,74596.0,6000.0
1043,74604.0,6000.0
1044,74606.0,3000.0
1045,74714.0,6000.0
1046,74753.0,6000.0
1047,74754.0,6000.0
1048,74755.0,6000.0
1049,74756.0,6000.0
1050,74764.0,6000.0
1051,74773.0,6000.0
1052,74774.0,6000.0
1053,74775.0,6000.0
1054,74789.0,4800.0
1055,75027.0,3000.0
1056,75028.0,3000.0
1057,75060.0,6000.0
1058,75061.0,6000.0
1059,75064.0,6000.0
1060,75074.0,6000.0
1061,75076.0,6000.0
1062,75114.0,6000.0
1063,75120.0,6000.0
1064,75121.0,6000.0
1065,75149.0,6000.0
1066,75158.0,6000.0
1067,75159.0,6000.0
1068,75261.0,6000.0
1069,75275.0,4800.0
1070,75318.0,3000.0
1071,75319.0,3000.0
1072,75332.0,6000.0
1073,75333.0,6000.0
1074,75334.0,6000.0
1075,75415.0,4800.0
1076,75420.0,6000.0
1077,75457.0,6000.0
1078,75458.0,6000.0
1079,75462.0,6000.0
1080,75478.0,6000.0
1081,75560.0,3000.0
1082,75561.0,3000.0
1083,75562.0,3000.0
1084,75589.0,6000.0
1085,75596.0,6000.0
1086,75622.0,6000.0
1087,75644.0,6000.0
1088,75677.0,6000.0
1089,75721.0,6000.0
1090,75800.0,3000.0
1091,75801.0,3000.0
1092,75880.0,6000.0
1093,75883.0,6000.0
1094,75896.0,6000.0
1095,75903.0,6000.0
1096,75956.0,6000.0
1097,75980.0,6000.0
1098,75985.0,6000.0
1099,76001.0,6000.0
1100,76002.0,6000.0
1101,76007.0,6000.0
1102,76046.0,3000.0
1103,76051.0,6000.0
1104,76149.0,6000.0
1105,76157.0,6000.0
1106,76158.0,6000.0
1107,76167.0,3000.0
1108,76168.0,3000.0
1109,76178.0,3000.0
1110,76348.0,6000.0
1111,76349.0,6000.0
1112,76350.0,6000.0
1113,76366.0,6000.0
1114,76368.0,6000.0
1115,76431.0,6000.0
1116,76588.0,6000.0
1117,76596.0,3000.0
1118,76597.0,3000.0
1119,76598.0,3000.0
1120,76657.0,6000.0
1121,76658.0,6000.0
1122,76672.0,4800.0
1123,76673.0,6000.0
1124,76677.0,6000.0
1125,76718.0,6000.0
1126,76719.0,6000.0
1127,76761.0,6000.0
1128,76818.0,4800.0
1129,76849.0,3000.0
1130,76855.0,6000.0
1131,76890.0,3000.0
1132,76936.0,6000.0
1133,76937.0,6000.0
1134,76940.0,6000.0
1135,76987.0,6000.0
1136,76989.0,6000.0
1137,77024.0,6000.0
1138,77035.0,6000.0
1139,77069.0,6000.0
1140,77074.0,4800.0
1141,77184.0,6000.0
1142,77187.0,6000.0
1143,77191.0,4800.0
1144,77199.0,3000.0
1145,77204.0,3000.0
1146,77248.0,6000.0
1147,77253.0,6000.0
1148,77261.0,6000.0
1149,77305.0,6000.0
1150,77325.0,6000.0
1151,77326.0,6000.0
1152,77327.0,3000.0
1153,77328.0,3000.0
1154,77329.0,6000.0
1155,77330.0,6000.0
1156,77331.0,6000.0
1157,77332.0,6000.0
1158,77333.0,6000.0
1159,77334.0,6000.0
1160,77335.0,6000.0
1161,77336.0,6000.0
1162,77337.0,6000.0
1163,77338.0,6000.0
1164,77339.0,6000.0
1165,77340.0,6000.0
1166,77341.0,6000.0
1167,77342.0,6000.0
1168,77343.0,6000.0
1169,77344.0,6000.0
1170,77345.0,6000.0
1171,77346.0,3000.0
1172,77347.0,6000.0
1173,77348.0,6000.0
1174,77349.0,6000.0
1175,77350.0,6000.0
1176,77351.0,6000.0
1177,77352.0,6000.0
1178,77353.0,6000.0
1179,77354.0,6000.0
1180,77355.0,6000.0
1181,77356.0,6000.0
1182,77357.0,6000.0
1183,77358.0,6000.0
1184,77359.0,6000.0
1185,77360.0,4800.0
1186,77361.0,6000.0
1187,77362.0,4800.0
1188,77363.0,6000.0
1189,77364.0,6000.0
